account_id,customer_id,account_type,balance,branch_id,account_status,open_date
A10001,C23655,Loan Account,-80976.11,B002,Closed,2019-03-01
A10002,C15796,Savings,52310.44,B023,Dormant,2017-11-21
A10003,C00861,Checking,22625.91,B001,Active,2025-04-13
A10004,C05391,Savings,45582.07,B014,Active,2016-04-01
A10005,C29803,Savings,46777.59,B005,Active,2023-01-02
A10006,C21576,Fixed Deposit,130671.34,B001,Active,2026-05-07
A10007,C11965,Fixed Deposit,57443.71,B011,Active,2017-08-25
A10008,C11285,Checking,21235.21,B001,Dormant,2016-01-10
A10009,C22119,Savings,66628.53,B001,Active,2023-11-24
A10010,C06266,Checking,695.34,B006,Active,2022-08-11
A10011,C16851,Fixed Deposit,245695.67,B018,Active,2020-12-07
A10012,C29911,Savings,72968.37,B008,Closed,2018-12-14
A10013,C04427,Savings,20367.22,B013,Active,2017-05-16
A10014,C21963,Credit Card,-8637.9,B022,Active,2020-03-18
A10015,C14424,Fixed Deposit,143445.08,B011,Active,2021-09-22
A10016,C28021,Savings,63499.58,B020,Active,2021-08-06
A10017,C11364,Credit Card,-14085.09,B004,Active,2015-02-19
A10018,C27496,Checking,8013.75,B018,Dormant,2022-05-28
A10019,C16024,Savings,49678.79,B001,Active,2015-01-29
A10020,C08323,Credit Card,-14075.5,B025,Active,2020-04-11
A10021,C01686,Credit Card,-1609.97,B018,Active,2019-12-31
A10022,C00770,Savings,66531.26,B008,Active,2015-02-28
A10023,C26968,Checking,3541.77,B021,Active,2025-01-09
A10024,C23334,Credit Card,-8767.87,B008,Active,2025-12-23
A10025,C02434,Savings,38512.28,B013,Closed,2026-01-10
A10026,C05312,Checking,22747.37,B015,Active,2019-11-26
A10027,C05052,Savings,40887.32,B007,Active,2026-02-12
A10028,C06421,Savings,598.39,B008,Dormant,2024-07-27
A10029,C17569,Savings,10142.88,B001,Active,2019-05-07
A10030,C20940,Checking,29153.3,B006,Active,2024-05-23
A10031,C19770,Savings,59229.04,B002,Active,2016-02-05
A10032,C28694,Savings,1772.18,B015,Active,2015-09-01
A10033,C06397,Savings,1605.77,B005,Active,2022-11-01
A10034,C29420,Credit Card,-2232.78,B017,Active,2019-07-18
A10035,C27481,Checking,12709.48,B009,Active,2020-11-09
A10036,C08667,Savings,30803.63,B025,Active,2024-12-18
A10037,C25659,Loan Account,-13047.61,B002,Dormant,2019-05-19
A10038,C18943,Credit Card,-1544.83,B018,Closed,2018-09-02
A10039,C24234,Checking,13731.36,B009,Active,2019-02-25
A10040,C18432,Checking,27970.49,B002,Active,2018-06-30
A10041,C02748,Savings,34287.47,B012,Dormant,2024-05-14
A10042,C25552,Loan Account,-114921.5,B001,Active,2017-08-14
A10043,C26383,Savings,1943.88,B010,Active,2018-09-04
A10044,C00190,Checking,27793.43,B004,Active,2020-10-24
A10045,C19119,Checking,28288.46,B005,Active,2018-04-09
A10046,C03006,Fixed Deposit,192262.48,B017,Dormant,2021-08-07
A10047,C21043,Savings,72396.72,B018,Active,2022-08-19
A10048,C01900,Checking,1769.27,B008,Active,2024-05-07
A10049,C24119,Credit Card,-496.32,B023,Active,2023-05-29
A10050,C01268,Savings,64455.11,B020,Dormant,2016-05-08
A10051,C17913,Savings,9260.8,B013,Active,2018-11-27
A10052,C11395,Savings,3642.76,B018,Active,2021-08-15
A10053,C03557,Savings,2033.1,B008,Active,2023-01-21
A10054,C03891,Savings,9194.26,B015,Dormant,2019-02-12
A10055,C08839,Checking,28701.74,B024,Dormant,2016-03-25
A10056,C27465,Credit Card,-9445.14,B022,Active,2022-01-15
A10057,C14503,Loan Account,-76942.71,B025,Active,2015-04-16
A10058,C21778,Savings,29838.75,B024,Closed,2024-09-08
A10059,C10628,Savings,43091.26,B005,Active,2015-02-15
A10060,C08793,Fixed Deposit,73152.46,B008,Dormant,2018-09-07
A10061,C10556,Credit Card,-1524.53,B010,Active,2016-09-13
A10062,C10254,Checking,21684.65,B009,Active,2022-02-19
A10063,C08434,Savings,35166.41,B005,Dormant,2022-01-17
A10064,C10234,Fixed Deposit,72889.0,B025,Active,2019-08-29
A10065,C11017,Savings,22598.37,B002,Active,2025-08-27
A10066,C23898,Savings,52351.19,B010,Active,2016-04-26
A10067,C02613,Credit Card,-8849.83,B009,Active,2016-02-08
A10068,C23426,Checking,19809.94,B018,Active,2016-11-16
A10069,C25940,Savings,74064.4,B012,Active,2019-09-27
A10070,C22620,Checking,11129.08,B003,Dormant,2023-05-03
A10071,C21871,Credit Card,-8857.21,B004,Active,2021-07-31
A10072,C23484,Credit Card,-10175.84,B017,Active,2021-03-31
A10073,C26055,Savings,7193.06,B017,Closed,2020-03-15
A10074,C15788,Savings,70552.08,B025,Active,2020-07-15
A10075,C27133,Checking,26285.57,B016,Active,2015-04-12
A10076,C17160,Fixed Deposit,155284.87,B024,Active,2017-07-04
A10077,C12207,Savings,2285.68,B012,Closed,2019-10-09
A10078,C08227,Savings,62577.24,B009,Active,2024-12-13
A10079,C14542,Savings,5850.38,B001,Active,2020-02-04
A10080,C03153,Savings,10090.7,B017,Active,2015-03-20
A10081,C26532,Fixed Deposit,26371.18,B002,Active,2022-03-04
A10082,C01586,Savings,11405.22,B017,Active,2016-03-25
A10083,C03944,Credit Card,-5436.07,B005,Active,2020-03-08
A10084,C23940,Savings,6553.12,B008,Active,2018-07-06
A10085,C19458,Savings,47798.95,B001,Active,2020-12-30
A10086,C01022,Fixed Deposit,195271.64,B007,Active,2021-07-23
A10087,C11654,Checking,16091.04,B025,Active,2017-10-04
A10088,C10806,Checking,22381.95,B020,Active,2021-12-21
A10089,C13418,Credit Card,-9692.44,B009,Active,2021-01-10
A10090,C20228,Savings,56182.54,B022,Active,2024-07-05
A10091,C07990,Checking,34543.8,B010,Active,2018-03-03
A10092,C09693,Savings,25852.01,B025,Active,2023-07-02
A10093,C12991,Credit Card,-5861.74,B005,Active,2021-07-09
A10094,C06874,Checking,34008.19,B019,Active,2016-07-23
A10095,C05676,Savings,2872.03,B012,Active,2022-10-21
A10096,C00162,Fixed Deposit,73462.55,B015,Active,2026-02-06
A10097,C04298,Checking,5707.88,B023,Active,2024-06-02
A10098,C26558,Checking,21338.2,B014,Active,2018-02-25
A10099,C00996,Savings,13718.45,B010,Active,2023-01-12
A10100,C29488,Fixed Deposit,81878.42,B025,Closed,2024-05-28
A10101,C11535,Loan Account,-114130.34,B013,Active,2020-08-13
A10102,C29128,Checking,1980.44,B022,Active,2017-07-14
A10103,C07630,Savings,22609.1,B016,Active,2026-04-06
A10104,C28375,Savings,17320.47,B009,Active,2015-07-28
A10105,C25852,Savings,32519.2,B003,Active,2017-04-05
A10106,C01017,Checking,34931.19,B012,Closed,2020-12-16
A10107,C24254,Savings,74844.25,B019,Active,2019-08-20
A10108,C22824,Fixed Deposit,49892.51,B001,Active,2024-07-14
A10109,C24277,Savings,53855.44,B009,Active,2025-09-01
A10110,C23248,Credit Card,-1625.49,B021,Active,2024-09-22
A10111,C24301,Savings,39257.96,B010,Active,2017-01-06
A10112,C08530,Savings,55616.5,B024,Active,2022-08-25
A10113,C17263,Checking,14576.26,B019,Active,2024-07-15
A10114,C09269,Credit Card,-6015.85,B020,Closed,2023-07-28
A10115,C21272,Credit Card,-8079.98,B007,Dormant,2017-01-17
A10116,C12186,Savings,23016.57,B006,Active,2018-07-16
A10117,C21244,Savings,11450.09,B009,Active,2024-04-12
A10118,C06332,Fixed Deposit,76461.46,B015,Dormant,2025-10-27
A10119,C08572,Credit Card,-1786.93,B009,Active,2024-02-26
A10120,C25069,Credit Card,-1477.02,B013,Active,2018-11-13
A10121,C07209,Savings,64665.8,B004,Dormant,2020-12-06
A10122,C05277,Credit Card,-10617.69,B021,Active,2020-12-28
A10123,C18447,Savings,67086.12,B025,Dormant,2020-12-02
A10124,C28461,Savings,12391.2,B021,Active,2025-06-09
A10125,C16449,Savings,64428.42,B006,Active,2016-04-07
A10126,C16217,Savings,20968.09,B021,Active,2020-07-04
A10127,C08007,Savings,49178.83,B006,Active,2024-02-21
A10128,C02569,Savings,56524.19,B006,Active,2026-05-05
A10129,C21848,Checking,2802.44,B020,Active,2025-03-25
A10130,C29825,Credit Card,-10662.37,B024,Dormant,2025-08-04
A10131,C02028,Loan Account,-75573.02,B012,Active,2022-10-19
A10132,C02696,Savings,45237.09,B003,Active,2017-08-10
A10133,C26072,Savings,66574.65,B018,Active,2017-08-21
A10134,C15423,Checking,22760.99,B019,Dormant,2024-04-22
A10135,C05259,Savings,15717.95,B007,Active,2018-04-03
A10136,C22003,Savings,58749.43,B003,Active,2021-08-19
A10137,C06737,Checking,33542.52,B005,Active,2021-02-15
A10138,C00392,Checking,22804.86,B012,Active,2017-08-04
A10139,C13987,Credit Card,-8011.99,B005,Dormant,2016-05-26
A10140,C29091,Loan Account,-39860.41,B002,Active,2023-08-12
A10141,C12667,Credit Card,-8150.24,B015,Active,2024-10-23
A10142,C05893,Savings,11777.92,B006,Dormant,2015-10-28
A10143,C03562,Credit Card,-13772.87,B013,Active,2025-08-13
A10144,C26855,Checking,13969.46,B004,Active,2017-08-31
A10145,C06185,Checking,24890.35,B023,Active,2017-10-28
A10146,C19484,Fixed Deposit,175336.69,B021,Active,2022-03-23
A10147,C22663,Credit Card,-7023.0,B009,Active,2021-07-16
A10148,C08393,Checking,15374.9,B023,Active,2025-09-01
A10149,C13068,Savings,49772.53,B021,Dormant,2026-02-14
A10150,C15266,Fixed Deposit,240190.15,B025,Active,2019-04-24
A10151,C19489,Credit Card,-10665.11,B002,Active,2016-04-20
A10152,C23600,Savings,42277.67,B009,Active,2021-12-25
A10153,C29175,Savings,63453.06,B019,Active,2016-05-15
A10154,C02455,Savings,19846.72,B006,Active,2022-11-25
A10155,C11838,Savings,19816.86,B006,Active,2020-09-20
A10156,C14040,Checking,30886.85,B017,Dormant,2019-07-13
A10157,C25381,Savings,72146.98,B019,Active,2023-04-03
A10158,C19116,Fixed Deposit,172752.59,B005,Closed,2018-09-18
A10159,C10966,Credit Card,-5331.99,B006,Active,2025-12-28
A10160,C24539,Savings,39724.78,B005,Active,2021-02-01
A10161,C09763,Savings,58706.98,B006,Active,2023-08-03
A10162,C05057,Savings,72426.75,B022,Active,2018-08-30
A10163,C14949,Savings,29048.8,B005,Active,2023-10-02
A10164,C08111,Savings,22264.31,B023,Active,2015-12-13
A10165,C13774,Checking,34070.06,B024,Active,2016-12-03
A10166,C27267,Fixed Deposit,129032.9,B014,Active,2016-06-16
A10167,C20225,Fixed Deposit,47675.81,B010,Active,2021-05-03
A10168,C17413,Credit Card,-1783.85,B004,Active,2015-08-08
A10169,C23770,Checking,3752.66,B017,Active,2021-10-23
A10170,C00503,Fixed Deposit,131936.44,B009,Dormant,2018-06-02
A10171,C06911,Checking,26579.7,B005,Active,2016-12-18
A10172,C12686,Savings,66003.6,B002,Active,2023-11-21
A10173,C25447,Checking,2964.21,B017,Active,2019-07-09
A10174,C23323,Fixed Deposit,171170.21,B021,Active,2021-05-26
A10175,C20873,Savings,60690.54,B002,Dormant,2018-10-14
A10176,C00207,Savings,46956.84,B016,Active,2024-09-19
A10177,C21519,Savings,19576.47,B020,Active,2017-07-06
A10178,C22362,Savings,51207.5,B001,Active,2018-07-14
A10179,C24106,Savings,67967.69,B020,Active,2017-05-25
A10180,C23420,Savings,69710.64,B009,Active,2020-10-02
A10181,C17869,Fixed Deposit,179367.89,B024,Active,2019-12-17
A10182,C24243,Fixed Deposit,60601.94,B022,Active,2022-04-03
A10183,C15935,Fixed Deposit,59076.52,B015,Dormant,2023-03-09
A10184,C17248,Savings,27630.76,B004,Closed,2025-10-09
A10185,C19175,Savings,14596.21,B010,Active,2021-03-10
A10186,C23793,Savings,18022.91,B006,Active,2021-02-05
A10187,C08756,Fixed Deposit,59277.96,B003,Dormant,2021-09-05
A10188,C21501,Savings,8028.65,B020,Closed,2024-06-28
A10189,C12384,Checking,18562.44,B024,Active,2019-06-01
A10190,C22404,Savings,21206.02,B002,Active,2022-11-19
A10191,C18142,Savings,74587.92,B024,Closed,2021-10-12
A10192,C14821,Savings,31740.45,B024,Active,2015-03-13
A10193,C07575,Credit Card,-5462.44,B020,Active,2025-04-02
A10194,C06375,Savings,71269.89,B022,Active,2020-07-01
A10195,C23277,Savings,59756.3,B011,Active,2015-10-03
A10196,C01679,Savings,61110.06,B022,Active,2023-10-08
A10197,C19627,Checking,32807.58,B008,Active,2023-03-02
A10198,C21021,Checking,29650.15,B025,Dormant,2018-09-27
A10199,C01060,Fixed Deposit,223737.45,B003,Active,2024-08-13
A10200,C23053,Savings,68430.21,B019,Active,2025-11-11
A10201,C29856,Savings,37295.43,B019,Active,2021-09-07
A10202,C16199,Checking,5686.7,B005,Active,2015-12-31
A10203,C09915,Checking,29120.41,B021,Active,2015-10-12
A10204,C27891,Credit Card,-2368.32,B017,Active,2016-10-04
A10205,C19542,Fixed Deposit,147320.2,B021,Active,2022-12-08
A10206,C22300,Credit Card,-3302.98,B015,Active,2020-02-23
A10207,C10818,Savings,68545.05,B024,Active,2024-09-12
A10208,C10922,Savings,40205.71,B022,Active,2018-10-06
A10209,C09790,Fixed Deposit,134516.24,B003,Dormant,2021-08-26
A10210,C16313,Savings,67929.02,B005,Active,2021-07-24
A10211,C11253,Credit Card,-6835.7,B025,Active,2015-12-31
A10212,C02694,Loan Account,-37926.11,B017,Active,2017-06-05
A10213,C29468,Checking,29097.9,B017,Active,2024-01-26
A10214,C29724,Checking,11228.32,B008,Active,2025-10-12
A10215,C13932,Checking,34913.63,B017,Dormant,2024-01-25
A10216,C03628,Savings,63062.37,B014,Active,2018-01-18
A10217,C25940,Checking,25712.34,B025,Active,2022-03-14
A10218,C16158,Savings,29265.16,B011,Dormant,2024-06-19
A10219,C10174,Savings,12909.38,B014,Dormant,2023-10-11
A10220,C21835,Checking,11995.97,B002,Active,2025-05-21
A10221,C18048,Checking,3223.95,B003,Active,2017-06-23
A10222,C26106,Credit Card,-2006.26,B006,Active,2021-08-10
A10223,C10231,Fixed Deposit,192411.12,B009,Active,2023-07-03
A10224,C15708,Savings,18382.51,B010,Active,2022-06-06
A10225,C21977,Credit Card,-11956.22,B004,Active,2017-12-03
A10226,C11495,Savings,19096.16,B014,Active,2019-07-06
A10227,C26814,Checking,14666.05,B002,Active,2020-02-29
A10228,C23777,Fixed Deposit,124739.25,B007,Active,2017-05-24
A10229,C01307,Savings,6686.46,B002,Active,2019-10-21
A10230,C28606,Checking,2766.82,B021,Active,2026-02-18
A10231,C06777,Checking,12285.57,B005,Closed,2016-10-10
A10232,C27252,Credit Card,-5540.49,B002,Active,2026-05-02
A10233,C29645,Checking,23953.82,B005,Active,2021-11-25
A10234,C22249,Credit Card,-4822.53,B019,Active,2021-11-23
A10235,C09475,Savings,39370.07,B015,Dormant,2023-01-02
A10236,C07527,Credit Card,-638.51,B019,Dormant,2019-03-18
A10237,C25286,Checking,26519.2,B007,Active,2026-04-11
A10238,C21960,Checking,17097.34,B018,Active,2018-09-25
A10239,C05531,Savings,35200.18,B008,Active,2023-12-18
A10240,C29321,Savings,40742.44,B023,Active,2022-01-24
A10241,C20798,Savings,25969.98,B021,Active,2016-02-11
A10242,C03749,Savings,67455.24,B018,Active,2017-08-28
A10243,C13546,Savings,39083.58,B017,Active,2018-10-30
A10244,C29356,Credit Card,-5304.84,B024,Active,2015-05-10
A10245,C00664,Fixed Deposit,58380.19,B020,Active,2025-12-25
A10246,C01999,Credit Card,-10999.05,B011,Active,2020-02-21
A10247,C07995,Credit Card,-1028.79,B009,Active,2018-11-01
A10248,C28022,Savings,4459.82,B011,Active,2018-11-27
A10249,C28320,Checking,12002.42,B009,Active,2025-02-14
A10250,C17880,Fixed Deposit,126445.92,B002,Active,2024-10-12
A10251,C03305,Credit Card,-9995.64,B016,Active,2018-01-26
A10252,C20148,Savings,27876.68,B005,Active,2022-02-17
A10253,C21617,Checking,34939.58,B022,Active,2017-08-10
A10254,C18238,Savings,43833.01,B024,Active,2020-01-18
A10255,C13809,Savings,39146.93,B015,Dormant,2022-02-03
A10256,C06586,Savings,32013.11,B001,Active,2020-05-26
A10257,C29236,Fixed Deposit,195410.68,B019,Active,2016-04-23
A10258,C17676,Checking,25321.43,B018,Active,2024-11-01
A10259,C19966,Savings,48496.95,B015,Dormant,2015-11-21
A10260,C11650,Checking,6200.51,B010,Active,2017-05-28
A10261,C23939,Credit Card,-13218.06,B018,Active,2020-01-17
A10262,C23665,Savings,37099.55,B019,Active,2024-06-12
A10263,C01637,Checking,27993.29,B018,Active,2015-02-16
A10264,C20081,Savings,5705.06,B016,Active,2015-03-30
A10265,C27576,Checking,31425.48,B024,Active,2021-06-16
A10266,C27729,Savings,63804.43,B009,Active,2026-06-10
A10267,C17083,Fixed Deposit,55462.28,B016,Active,2023-08-01
A10268,C26737,Savings,31164.33,B004,Active,2024-02-15
A10269,C28674,Savings,5104.61,B013,Active,2016-10-30
A10270,C04738,Savings,3940.34,B012,Active,2015-12-14
A10271,C14556,Checking,14630.79,B010,Closed,2019-03-08
A10272,C13878,Credit Card,-10097.62,B005,Active,2015-08-01
A10273,C00855,Savings,60535.02,B018,Active,2017-05-15
A10274,C24549,Savings,20810.45,B009,Active,2023-04-10
A10275,C05856,Credit Card,-3283.74,B015,Active,2023-12-23
A10276,C07393,Credit Card,-10420.93,B012,Active,2024-01-18
A10277,C22913,Credit Card,-6705.94,B002,Active,2017-11-02
A10278,C28051,Checking,29912.85,B024,Active,2022-11-13
A10279,C13950,Credit Card,-12543.04,B006,Active,2017-05-24
A10280,C21634,Savings,26526.93,B023,Dormant,2018-11-07
A10281,C21557,Checking,25401.03,B006,Active,2025-04-01
A10282,C18092,Credit Card,-11855.92,B020,Dormant,2017-01-13
A10283,C27354,Savings,5700.3,B002,Active,2022-10-03
A10284,C05792,Savings,73436.81,B004,Active,2019-06-24
A10285,C26310,Credit Card,-9807.0,B005,Active,2020-12-28
A10286,C21920,Checking,30763.32,B024,Closed,2017-03-17
A10287,C04932,Checking,7797.74,B016,Active,2018-08-02
A10288,C19895,Savings,39985.5,B015,Closed,2017-04-26
A10289,C00203,Savings,65163.76,B016,Active,2024-11-02
A10290,C11448,Savings,5118.28,B003,Active,2024-06-30
A10291,C20603,Fixed Deposit,189692.64,B021,Active,2025-04-21
A10292,C12689,Fixed Deposit,37497.88,B003,Active,2019-02-27
A10293,C25343,Savings,17496.29,B010,Active,2016-06-17
A10294,C04390,Savings,26970.37,B006,Active,2021-03-22
A10295,C02328,Savings,22536.36,B015,Active,2015-08-20
A10296,C08005,Savings,28322.51,B004,Dormant,2022-03-23
A10297,C19316,Savings,52300.68,B021,Active,2021-07-31
A10298,C07778,Savings,18663.56,B007,Active,2020-12-14
A10299,C00198,Credit Card,-5802.29,B006,Active,2015-06-02
A10300,C23510,Credit Card,-6075.7,B012,Active,2021-01-30
A10301,C01931,Savings,18553.8,B018,Active,2020-01-28
A10302,C11775,Checking,2881.69,B012,Dormant,2020-11-13
A10303,C15088,Checking,8857.43,B012,Active,2015-12-14
A10304,C22672,Savings,48916.53,B011,Closed,2025-02-17
A10305,C25185,Credit Card,-11182.09,B025,Dormant,2024-10-30
A10306,C27849,Savings,16360.44,B022,Active,2026-01-06
A10307,C09340,Savings,70297.71,B014,Dormant,2015-01-22
A10308,C20667,Savings,71913.78,B020,Active,2017-01-27
A10309,C11590,Fixed Deposit,102865.12,B017,Active,2025-05-24
A10310,C18896,Checking,27225.18,B007,Active,2022-03-17
A10311,C15709,Savings,5845.46,B019,Active,2018-10-28
A10312,C26371,Credit Card,-1429.9,B018,Active,2020-02-08
A10313,C17044,Savings,26266.84,B007,Active,2019-04-18
A10314,C02812,Fixed Deposit,192665.39,B020,Active,2016-12-25
A10315,C23483,Checking,22987.37,B022,Dormant,2021-09-29
A10316,C14244,Checking,14164.5,B015,Active,2015-08-23
A10317,C06547,Credit Card,-13849.76,B012,Active,2019-05-03
A10318,C25946,Checking,21582.39,B010,Active,2024-05-11
A10319,C01987,Fixed Deposit,22631.93,B021,Active,2022-06-06
A10320,C08339,Credit Card,-609.69,B022,Active,2026-06-06
A10321,C11412,Savings,32448.14,B006,Active,2025-06-13
A10322,C02912,Savings,22181.1,B019,Active,2021-04-18
A10323,C01735,Savings,16017.58,B002,Active,2016-02-07
A10324,C18228,Savings,6044.3,B009,Active,2020-10-10
A10325,C08681,Savings,53259.57,B018,Active,2021-01-19
A10326,C19361,Savings,74299.4,B011,Active,2025-10-04
A10327,C18344,Savings,34701.78,B016,Dormant,2016-01-26
A10328,C05760,Credit Card,-4430.38,B004,Active,2022-04-26
A10329,C23079,Credit Card,-7733.22,B006,Active,2025-03-31
A10330,C02386,Savings,30647.99,B012,Closed,2022-09-29
A10331,C11112,Savings,27518.62,B005,Active,2015-02-05
A10332,C04737,Savings,67173.49,B008,Active,2025-07-02
A10333,C01803,Fixed Deposit,191288.81,B025,Active,2021-10-03
A10334,C08156,Checking,30072.51,B009,Active,2016-09-12
A10335,C08121,Loan Account,-180889.13,B015,Dormant,2022-09-24
A10336,C06617,Fixed Deposit,93731.23,B018,Active,2024-04-24
A10337,C14258,Fixed Deposit,56112.69,B024,Active,2016-12-12
A10338,C14487,Savings,13257.2,B020,Dormant,2015-05-18
A10339,C21919,Checking,30874.5,B013,Active,2019-04-03
A10340,C20446,Loan Account,-23960.35,B002,Active,2024-04-03
A10341,C27946,Savings,43107.05,B008,Active,2019-09-27
A10342,C16647,Checking,9150.01,B019,Active,2022-03-12
A10343,C14076,Savings,73126.16,B003,Active,2023-05-24
A10344,C22672,Savings,8683.1,B016,Active,2018-12-16
A10345,C25200,Fixed Deposit,195289.12,B016,Active,2020-08-29
A10346,C09209,Checking,11579.58,B004,Active,2018-09-30
A10347,C16372,Credit Card,-8959.27,B022,Dormant,2024-09-12
A10348,C11836,Checking,28047.89,B018,Active,2024-10-01
A10349,C13169,Checking,1363.99,B020,Active,2019-05-10
A10350,C02050,Credit Card,-7970.4,B006,Active,2017-05-14
A10351,C05424,Loan Account,-118829.81,B011,Dormant,2020-02-20
A10352,C14590,Loan Account,-148060.09,B001,Active,2018-05-15
A10353,C28300,Credit Card,-548.97,B005,Active,2017-12-07
A10354,C20933,Checking,17459.24,B023,Active,2025-04-20
A10355,C19493,Savings,32879.97,B025,Active,2025-08-03
A10356,C29856,Savings,51860.14,B002,Active,2024-08-19
A10357,C28667,Savings,55892.03,B007,Active,2026-03-16
A10358,C07159,Savings,20058.61,B025,Active,2022-09-26
A10359,C10249,Savings,23082.32,B019,Active,2022-08-16
A10360,C07401,Savings,3326.96,B001,Active,2016-09-22
A10361,C19555,Savings,74393.56,B022,Active,2025-04-18
A10362,C09875,Checking,107.39,B017,Active,2015-12-15
A10363,C15152,Savings,36255.33,B016,Active,2024-07-31
A10364,C18640,Credit Card,-8327.0,B024,Active,2024-06-27
A10365,C01155,Savings,60447.33,B008,Active,2019-01-10
A10366,C04500,Checking,2520.75,B009,Active,2021-06-23
A10367,C06296,Fixed Deposit,81318.8,B003,Active,2024-11-12
A10368,C22582,Savings,54306.53,B009,Active,2025-08-04
A10369,C27768,Loan Account,-6081.92,B023,Dormant,2026-04-29
A10370,C26273,Checking,34866.61,B023,Active,2025-08-02
A10371,C12184,Savings,13912.45,B014,Active,2016-11-29
A10372,C29300,Savings,5834.57,B001,Active,2015-05-15
A10373,C12875,Fixed Deposit,125552.65,B008,Dormant,2015-09-07
A10374,C18033,Checking,1336.93,B016,Active,2015-06-24
A10375,C05540,Savings,35491.66,B025,Active,2016-03-16
A10376,C09638,Fixed Deposit,236463.69,B003,Active,2019-12-05
A10377,C20584,Credit Card,-2368.84,B011,Active,2021-03-19
A10378,C28500,Credit Card,-14311.13,B011,Closed,2015-09-29
A10379,C24830,Fixed Deposit,10417.91,B023,Active,2015-04-10
A10380,C15587,Credit Card,-8710.94,B015,Dormant,2017-11-10
A10381,C27760,Savings,8748.31,B001,Active,2017-06-15
A10382,C02558,Checking,13016.43,B009,Active,2025-12-07
A10383,C05593,Credit Card,-4527.14,B012,Active,2023-12-25
A10384,C16483,Savings,25510.79,B011,Active,2021-05-07
A10385,C02201,Savings,27693.3,B022,Dormant,2023-12-02
A10386,C14173,Savings,6435.96,B024,Active,2018-07-17
A10387,C02962,Savings,67851.44,B012,Active,2023-04-28
A10388,C14208,Savings,62059.21,B007,Active,2016-09-19
A10389,C21358,Credit Card,-9347.85,B010,Active,2016-08-30
A10390,C20818,Credit Card,-6644.04,B005,Active,2022-05-05
A10391,C11970,Savings,37238.4,B015,Active,2017-05-19
A10392,C02870,Credit Card,-11761.22,B001,Active,2024-07-01
A10393,C27811,Checking,8144.64,B016,Active,2015-12-07
A10394,C28368,Savings,37707.88,B002,Active,2020-07-31
A10395,C17341,Savings,32053.43,B012,Dormant,2018-09-27
A10396,C13993,Savings,30738.48,B004,Active,2015-09-11
A10397,C28644,Credit Card,-2438.94,B025,Active,2016-01-20
A10398,C24737,Savings,2246.35,B024,Active,2024-08-23
A10399,C05700,Savings,72106.62,B002,Active,2016-12-02
A10400,C23329,Savings,59476.57,B003,Active,2022-07-14
A10401,C20878,Fixed Deposit,224244.49,B020,Active,2025-07-07
A10402,C25877,Credit Card,-5282.79,B008,Active,2024-03-24
A10403,C21296,Checking,10010.1,B004,Active,2025-08-09
A10404,C03988,Fixed Deposit,132781.06,B017,Active,2021-11-28
A10405,C26104,Savings,33740.68,B021,Active,2016-06-23
A10406,C22400,Checking,6280.09,B005,Active,2024-03-17
A10407,C13447,Savings,73367.05,B011,Active,2015-01-07
A10408,C01219,Savings,23008.68,B010,Active,2015-08-19
A10409,C20881,Credit Card,-14373.42,B022,Active,2018-03-20
A10410,C04736,Credit Card,-7672.11,B022,Active,2017-10-21
A10411,C11297,Savings,8500.56,B012,Active,2020-03-18
A10412,C27312,Savings,62159.27,B003,Closed,2020-06-28
A10413,C04556,Savings,2962.55,B009,Closed,2020-06-08
A10414,C09147,Credit Card,-14233.94,B019,Active,2020-06-15
A10415,C08051,Savings,59372.83,B021,Active,2018-03-08
A10416,C12758,Checking,4533.8,B005,Active,2024-06-21
A10417,C19831,Fixed Deposit,143026.29,B015,Closed,2019-11-15
A10418,C17430,Savings,47044.39,B012,Active,2019-11-10
A10419,C06894,Fixed Deposit,248795.76,B004,Dormant,2015-09-09
A10420,C18078,Savings,19450.1,B015,Active,2015-09-01
A10421,C14374,Checking,10425.29,B007,Active,2017-06-08
A10422,C14566,Credit Card,-14011.57,B003,Active,2015-02-20
A10423,C03437,Savings,4248.79,B007,Active,2023-11-26
A10424,C08755,Savings,31002.08,B013,Active,2019-02-10
A10425,C10678,Fixed Deposit,166385.76,B004,Active,2015-10-31
A10426,C05896,Savings,49826.46,B001,Active,2020-07-24
A10427,C19739,Checking,27207.91,B005,Active,2022-07-17
A10428,C16610,Savings,40713.29,B010,Active,2021-10-22
A10429,C15637,Checking,27786.7,B003,Active,2020-10-05
A10430,C21278,Checking,6395.54,B004,Active,2019-02-11
A10431,C07023,Checking,22231.73,B015,Active,2019-09-10
A10432,C09152,Savings,58482.62,B023,Active,2024-05-09
A10433,C05601,Checking,20027.12,B001,Active,2025-07-22
A10434,C29125,Savings,54423.54,B009,Active,2024-06-19
A10435,C27644,Savings,11050.51,B013,Active,2026-02-01
A10436,C07997,Checking,15561.4,B001,Active,2022-07-01
A10437,C09008,Checking,29811.43,B025,Dormant,2017-12-01
A10438,C12947,Savings,24183.14,B011,Dormant,2016-06-15
A10439,C24068,Checking,31473.59,B002,Active,2021-07-14
A10440,C04643,Checking,34581.57,B023,Active,2024-05-21
A10441,C29888,Savings,10887.0,B001,Active,2018-07-03
A10442,C11313,Checking,5252.92,B023,Closed,2024-12-13
A10443,C07680,Loan Account,-125778.93,B005,Dormant,2022-09-10
A10444,C08209,Checking,19747.81,B013,Active,2017-07-14
A10445,C23724,Credit Card,-3556.2,B002,Closed,2026-06-03
A10446,C25820,Savings,5522.46,B020,Active,2015-10-26
A10447,C18590,Credit Card,-3276.07,B022,Closed,2023-11-19
A10448,C10717,Checking,5806.45,B007,Active,2018-10-28
A10449,C17454,Checking,3068.24,B017,Active,2023-03-11
A10450,C03445,Fixed Deposit,152682.78,B009,Active,2016-06-02
A10451,C10758,Savings,6248.49,B025,Active,2018-06-06
A10452,C14435,Savings,5945.75,B001,Active,2022-09-14
A10453,C01061,Savings,46513.94,B008,Active,2021-07-08
A10454,C18712,Credit Card,-4518.73,B002,Active,2022-01-02
A10455,C03421,Credit Card,-1211.24,B015,Active,2017-01-03
A10456,C00302,Savings,71831.7,B010,Active,2017-06-20
A10457,C12469,Savings,36034.21,B006,Active,2016-02-26
A10458,C16991,Checking,22570.86,B022,Active,2021-05-02
A10459,C19555,Savings,58468.2,B002,Active,2023-08-19
A10460,C00700,Savings,69273.52,B011,Dormant,2019-06-16
A10461,C21473,Savings,2147.33,B013,Active,2015-06-11
A10462,C25716,Checking,7711.83,B019,Active,2017-07-29
A10463,C00191,Checking,18400.51,B007,Closed,2015-06-13
A10464,C10493,Savings,17758.14,B003,Active,2017-11-13
A10465,C17365,Checking,18137.4,B022,Dormant,2023-01-24
A10466,C02976,Fixed Deposit,171383.73,B016,Active,2019-08-08
A10467,C06103,Savings,57836.02,B021,Active,2018-10-21
A10468,C17569,Checking,29273.57,B024,Active,2019-11-10
A10469,C19712,Checking,34809.96,B008,Active,2018-08-02
A10470,C19779,Fixed Deposit,220508.86,B011,Active,2025-05-20
A10471,C24704,Checking,12224.12,B025,Active,2018-04-18
A10472,C26642,Checking,10237.47,B002,Active,2019-12-06
A10473,C01817,Credit Card,-10470.81,B022,Active,2021-03-22
A10474,C22239,Savings,7359.2,B015,Active,2017-07-26
A10475,C23094,Checking,23239.76,B025,Active,2021-10-17
A10476,C00570,Checking,469.16,B002,Closed,2017-10-16
A10477,C05443,Savings,22290.69,B005,Active,2019-03-16
A10478,C01896,Savings,57646.19,B002,Active,2024-12-23
A10479,C19118,Savings,35454.27,B014,Active,2015-07-03
A10480,C03864,Savings,31263.44,B014,Active,2016-09-20
A10481,C12914,Credit Card,-3208.12,B019,Active,2025-07-18
A10482,C07456,Fixed Deposit,103580.95,B010,Active,2018-08-19
A10483,C04015,Savings,35785.11,B013,Active,2018-03-24
A10484,C11094,Savings,37265.73,B014,Active,2019-11-28
A10485,C18071,Loan Account,-99795.34,B015,Active,2016-01-10
A10486,C03010,Checking,3644.08,B015,Dormant,2018-12-15
A10487,C24191,Fixed Deposit,134389.99,B006,Active,2018-02-24
A10488,C16539,Savings,29332.07,B003,Active,2023-10-20
A10489,C10730,Credit Card,-1504.82,B005,Active,2018-05-12
A10490,C01410,Credit Card,-14812.05,B004,Active,2023-02-28
A10491,C12250,Savings,38973.05,B022,Active,2025-10-08
A10492,C00785,Savings,73101.01,B017,Active,2017-05-16
A10493,C27752,Savings,1635.64,B012,Dormant,2016-06-05
A10494,C08097,Savings,51971.46,B025,Active,2022-05-10
A10495,C07561,Loan Account,-194081.87,B009,Active,2025-09-11
A10496,C12534,Savings,64755.14,B010,Active,2023-01-31
A10497,C07344,Credit Card,-12053.6,B015,Active,2016-05-25
A10498,C07207,Credit Card,-2622.52,B008,Active,2026-05-20
A10499,C21981,Savings,68789.55,B008,Active,2016-05-30
A10500,C05802,Checking,4851.39,B011,Active,2020-02-01
A10501,C19191,Savings,7822.49,B014,Dormant,2015-03-27
A10502,C16922,Savings,62827.67,B008,Active,2026-03-20
A10503,C05987,Loan Account,-165326.48,B015,Active,2017-01-14
A10504,C18226,Savings,4473.85,B001,Active,2022-06-29
A10505,C29593,Savings,16948.95,B005,Active,2025-04-09
A10506,C10648,Credit Card,-11920.44,B011,Dormant,2019-09-28
A10507,C08717,Checking,23644.41,B015,Active,2022-04-04
A10508,C23356,Checking,16572.76,B001,Active,2025-06-22
A10509,C22010,Fixed Deposit,192582.83,B019,Dormant,2022-12-13
A10510,C19335,Savings,18071.5,B009,Active,2025-04-03
A10511,C24377,Credit Card,-7636.99,B025,Dormant,2018-01-20
A10512,C12324,Fixed Deposit,30849.22,B006,Closed,2015-05-03
A10513,C04781,Savings,35673.54,B006,Active,2026-03-14
A10514,C28692,Checking,17529.12,B005,Dormant,2025-07-31
A10515,C02369,Savings,68407.11,B016,Active,2024-01-12
A10516,C12040,Savings,71179.1,B006,Active,2017-02-16
A10517,C06656,Savings,65709.73,B008,Dormant,2017-08-09
A10518,C08174,Checking,32293.02,B014,Active,2025-05-01
A10519,C04496,Fixed Deposit,16404.04,B008,Active,2017-04-10
A10520,C10894,Checking,28955.16,B013,Active,2024-05-12
A10521,C25548,Fixed Deposit,21314.33,B013,Dormant,2026-04-23
A10522,C22387,Savings,43102.68,B009,Active,2015-07-22
A10523,C22999,Savings,6852.13,B005,Active,2021-11-09
A10524,C25743,Loan Account,-43387.39,B019,Active,2018-04-30
A10525,C13404,Fixed Deposit,5557.08,B004,Dormant,2015-04-09
A10526,C13122,Savings,29098.51,B017,Active,2016-08-15
A10527,C22304,Checking,18580.23,B020,Active,2021-05-31
A10528,C10967,Savings,20682.92,B014,Active,2023-04-11
A10529,C26559,Checking,17732.83,B009,Active,2015-07-14
A10530,C00854,Fixed Deposit,219667.0,B011,Active,2019-05-11
A10531,C20531,Credit Card,-5849.77,B013,Active,2023-11-21
A10532,C28313,Savings,41704.16,B025,Active,2019-05-09
A10533,C20154,Savings,73578.85,B002,Dormant,2018-11-30
A10534,C16959,Savings,29555.03,B008,Dormant,2016-10-20
A10535,C27838,Credit Card,-1770.69,B007,Active,2021-01-11
A10536,C17533,Checking,22671.64,B001,Active,2017-05-12
A10537,C22678,Loan Account,-46514.87,B022,Active,2025-09-16
A10538,C22842,Credit Card,-10319.67,B003,Active,2021-11-05
A10539,C23894,Savings,45993.16,B009,Active,2016-01-04
A10540,C09908,Credit Card,-2272.78,B003,Active,2019-07-29
A10541,C04778,Checking,21934.33,B022,Active,2015-06-07
A10542,C29510,Savings,50860.41,B024,Active,2019-05-12
A10543,C20239,Savings,38573.49,B015,Active,2016-10-24
A10544,C29750,Loan Account,-174840.17,B016,Active,2025-12-09
A10545,C15339,Checking,26254.05,B014,Active,2018-07-21
A10546,C02492,Credit Card,-4576.92,B014,Active,2025-07-12
A10547,C27237,Checking,17408.22,B016,Active,2019-07-06
A10548,C15329,Savings,30536.02,B023,Active,2023-12-16
A10549,C14600,Credit Card,-4996.73,B013,Active,2016-05-08
A10550,C19509,Credit Card,-4498.43,B022,Dormant,2019-02-14
A10551,C22076,Savings,29013.47,B021,Active,2016-11-12
A10552,C03052,Savings,23348.97,B001,Active,2026-01-10
A10553,C15980,Checking,33949.29,B009,Active,2020-11-21
A10554,C16389,Savings,73214.21,B019,Active,2016-01-06
A10555,C21607,Credit Card,-9388.78,B001,Active,2019-08-27
A10556,C21700,Savings,72080.26,B003,Active,2017-08-02
A10557,C21254,Credit Card,-6229.7,B018,Active,2023-09-24
A10558,C00877,Checking,590.95,B008,Active,2017-11-17
A10559,C25568,Savings,8755.96,B015,Active,2022-02-06
A10560,C23412,Savings,16904.79,B015,Dormant,2022-01-10
A10561,C04143,Savings,61136.35,B023,Closed,2026-01-03
A10562,C15203,Savings,55140.46,B010,Active,2016-09-01
A10563,C06967,Credit Card,-2611.43,B007,Active,2023-04-24
A10564,C07080,Savings,39247.24,B003,Dormant,2015-05-10
A10565,C07988,Checking,19705.89,B007,Dormant,2017-01-15
A10566,C06800,Checking,1684.02,B015,Active,2025-05-05
A10567,C28941,Savings,16425.04,B001,Active,2023-08-06
A10568,C04466,Checking,16172.19,B001,Active,2023-06-20
A10569,C17020,Credit Card,-3017.23,B001,Active,2023-08-16
A10570,C13418,Savings,48612.2,B023,Dormant,2017-10-27
A10571,C18078,Checking,21782.82,B015,Closed,2019-08-05
A10572,C26259,Savings,67069.75,B008,Dormant,2023-05-12
A10573,C21137,Savings,45332.17,B014,Active,2024-01-28
A10574,C08312,Savings,20908.35,B011,Active,2023-08-31
A10575,C17215,Savings,36789.05,B024,Active,2023-12-19
A10576,C14099,Credit Card,-4283.09,B001,Active,2022-06-18
A10577,C28252,Checking,29117.8,B009,Active,2025-10-08
A10578,C05178,Savings,40062.34,B005,Active,2019-02-11
A10579,C14263,Checking,28369.13,B012,Closed,2020-11-07
A10580,C25946,Checking,34637.48,B003,Active,2020-12-16
A10581,C25317,Savings,5118.74,B021,Active,2018-05-31
A10582,C08309,Credit Card,-4041.22,B019,Active,2016-12-25
A10583,C05950,Savings,69569.93,B023,Dormant,2023-03-14
A10584,C19223,Fixed Deposit,127551.1,B002,Active,2015-11-12
A10585,C01151,Savings,28879.72,B013,Active,2024-01-29
A10586,C23945,Checking,19351.55,B014,Active,2023-08-24
A10587,C01932,Fixed Deposit,227407.26,B010,Dormant,2017-05-11
A10588,C09205,Credit Card,-2220.59,B019,Active,2022-06-12
A10589,C18049,Savings,45213.4,B025,Active,2017-09-05
A10590,C01082,Checking,32619.74,B024,Active,2024-02-23
A10591,C29306,Savings,54471.63,B007,Active,2025-06-26
A10592,C16897,Checking,13225.6,B005,Active,2023-09-24
A10593,C27426,Credit Card,-11429.68,B008,Active,2018-09-17
A10594,C13408,Checking,22124.03,B007,Active,2021-03-09
A10595,C07806,Savings,57255.17,B015,Active,2021-12-29
A10596,C05238,Checking,23324.88,B008,Active,2018-05-15
A10597,C16944,Savings,46281.77,B018,Active,2016-02-06
A10598,C20057,Savings,7211.89,B009,Active,2023-04-27
A10599,C12776,Checking,20962.75,B008,Active,2019-03-02
A10600,C23789,Checking,468.58,B014,Active,2021-10-15
A10601,C16245,Checking,1505.69,B006,Active,2015-02-05
A10602,C13185,Savings,19217.13,B002,Dormant,2024-11-29
A10603,C03344,Fixed Deposit,35264.84,B025,Dormant,2024-03-28
A10604,C13501,Checking,8071.78,B023,Active,2019-09-20
A10605,C20455,Savings,72765.4,B020,Active,2015-10-18
A10606,C29376,Loan Account,-15080.22,B018,Active,2020-07-01
A10607,C09663,Fixed Deposit,22621.13,B011,Active,2024-06-10
A10608,C16965,Savings,6780.93,B018,Closed,2024-06-27
A10609,C15126,Checking,20398.22,B015,Active,2021-07-23
A10610,C23389,Checking,33090.42,B012,Active,2024-10-04
A10611,C26871,Savings,57253.78,B009,Active,2022-12-14
A10612,C08131,Savings,51793.15,B005,Active,2020-05-31
A10613,C19532,Checking,14174.37,B024,Active,2017-04-14
A10614,C20634,Savings,53006.64,B021,Active,2016-05-31
A10615,C01680,Credit Card,-5958.73,B022,Dormant,2015-05-12
A10616,C03507,Savings,59468.77,B005,Active,2021-05-11
A10617,C13285,Fixed Deposit,230274.24,B002,Active,2026-01-01
A10618,C07254,Credit Card,-3922.68,B023,Active,2021-03-24
A10619,C19129,Credit Card,-11430.72,B013,Dormant,2023-06-05
A10620,C27933,Savings,36134.08,B002,Dormant,2025-01-07
A10621,C28622,Credit Card,-4164.0,B013,Dormant,2018-12-19
A10622,C09436,Savings,61329.11,B013,Active,2015-09-01
A10623,C21573,Checking,7830.64,B022,Active,2017-06-21
A10624,C11311,Savings,42143.56,B008,Active,2022-02-07
A10625,C13297,Credit Card,-909.32,B020,Closed,2016-03-22
A10626,C18526,Savings,50518.57,B008,Active,2016-11-13
A10627,C13246,Checking,18982.25,B011,Active,2016-01-24
A10628,C27636,Credit Card,-4519.33,B002,Active,2025-09-21
A10629,C29125,Checking,19718.82,B024,Active,2025-11-01
A10630,C29900,Savings,22144.8,B017,Active,2024-10-09
A10631,C11152,Savings,30833.59,B017,Active,2020-04-20
A10632,C10458,Checking,29124.64,B006,Active,2026-05-23
A10633,C23002,Savings,44345.35,B025,Active,2023-11-04
A10634,C02480,Savings,32325.6,B002,Active,2019-01-27
A10635,C22869,Savings,8908.77,B023,Active,2015-01-27
A10636,C29223,Credit Card,-13274.76,B009,Active,2018-10-07
A10637,C26212,Savings,11765.02,B014,Active,2024-11-13
A10638,C29985,Fixed Deposit,231911.83,B021,Active,2026-01-06
A10639,C23806,Savings,71813.93,B020,Dormant,2022-06-24
A10640,C26334,Credit Card,-4000.18,B016,Active,2017-05-26
A10641,C04453,Savings,4067.81,B010,Active,2015-02-15
A10642,C26647,Fixed Deposit,152572.63,B021,Active,2019-03-05
A10643,C05882,Savings,47009.64,B016,Active,2016-05-11
A10644,C23050,Savings,73857.94,B016,Active,2015-12-23
A10645,C14070,Savings,18333.75,B022,Active,2020-09-27
A10646,C02850,Savings,54371.43,B014,Active,2023-09-10
A10647,C27828,Checking,34777.87,B022,Active,2020-02-22
A10648,C07391,Credit Card,-913.73,B025,Active,2018-06-04
A10649,C23290,Savings,26907.57,B011,Active,2025-12-12
A10650,C11923,Credit Card,-12879.52,B009,Active,2019-07-09
A10651,C02490,Credit Card,-13849.89,B019,Active,2015-06-17
A10652,C09824,Fixed Deposit,19660.05,B004,Closed,2024-09-02
A10653,C27393,Savings,7060.9,B006,Active,2018-09-16
A10654,C09208,Savings,73475.47,B007,Active,2022-04-07
A10655,C09541,Savings,74026.51,B022,Active,2017-04-26
A10656,C16365,Savings,9117.8,B017,Active,2016-04-03
A10657,C04612,Checking,2956.91,B011,Active,2017-02-11
A10658,C27664,Checking,23293.7,B021,Closed,2016-05-27
A10659,C19224,Savings,61505.31,B012,Active,2024-03-05
A10660,C24912,Checking,26561.82,B016,Active,2017-05-05
A10661,C05879,Savings,1192.4,B025,Active,2024-06-08
A10662,C29169,Savings,32887.47,B024,Active,2018-10-01
A10663,C16348,Savings,54142.38,B017,Active,2025-06-10
A10664,C25472,Checking,28468.37,B003,Closed,2026-03-11
A10665,C22688,Checking,24331.08,B019,Closed,2021-04-17
A10666,C28123,Credit Card,-10054.33,B013,Active,2025-03-17
A10667,C00852,Fixed Deposit,71350.08,B011,Active,2022-10-21
A10668,C18072,Credit Card,-2564.53,B023,Active,2021-10-12
A10669,C26508,Savings,40979.11,B014,Active,2023-11-13
A10670,C06834,Savings,19446.2,B003,Active,2016-12-31
A10671,C11939,Fixed Deposit,217490.7,B006,Active,2022-03-15
A10672,C02428,Credit Card,-2749.25,B013,Active,2024-01-02
A10673,C26145,Credit Card,-7598.0,B002,Active,2016-09-01
A10674,C04001,Credit Card,-2844.42,B002,Active,2023-01-21
A10675,C05053,Savings,8206.81,B008,Active,2018-03-31
A10676,C02739,Credit Card,-1387.65,B019,Active,2022-07-06
A10677,C28075,Savings,73347.27,B021,Dormant,2024-08-23
A10678,C22117,Savings,1309.94,B020,Active,2018-10-17
A10679,C05388,Savings,65077.12,B002,Active,2020-03-06
A10680,C08003,Checking,26344.26,B022,Active,2025-08-07
A10681,C05537,Checking,29942.35,B005,Dormant,2025-08-10
A10682,C13480,Checking,10459.1,B009,Active,2022-04-14
A10683,C03914,Checking,33430.74,B012,Active,2021-08-30
A10684,C17451,Savings,62552.35,B015,Active,2016-10-28
A10685,C24108,Savings,31207.81,B018,Active,2018-04-25
A10686,C20765,Checking,27616.63,B004,Active,2016-10-18
A10687,C10637,Credit Card,-8609.15,B015,Active,2022-09-06
A10688,C20492,Checking,11606.29,B023,Active,2021-07-02
A10689,C05727,Checking,5195.39,B022,Active,2020-05-12
A10690,C03374,Checking,32475.37,B004,Active,2015-05-14
A10691,C12162,Savings,17750.83,B003,Active,2016-03-03
A10692,C27123,Savings,38582.67,B005,Active,2018-01-31
A10693,C25330,Savings,39869.0,B025,Active,2015-05-07
A10694,C02083,Checking,1282.28,B013,Active,2021-04-24
A10695,C27351,Checking,27902.21,B018,Active,2024-08-08
A10696,C27473,Savings,52164.79,B025,Closed,2024-05-16
A10697,C28762,Checking,10208.24,B008,Closed,2015-10-25
A10698,C25352,Fixed Deposit,233543.1,B008,Active,2020-04-20
A10699,C23133,Savings,74371.02,B013,Active,2025-09-15
A10700,C16282,Loan Account,-66579.71,B013,Active,2021-02-12
A10701,C15306,Loan Account,-51762.17,B009,Active,2016-03-26
A10702,C09818,Credit Card,-14106.96,B003,Active,2024-11-09
A10703,C11262,Credit Card,-8469.29,B015,Active,2019-06-23
A10704,C00418,Savings,2337.6,B009,Active,2015-09-24
A10705,C24691,Savings,54071.79,B021,Closed,2023-08-15
A10706,C08809,Loan Account,-35495.55,B001,Active,2016-01-22
A10707,C20359,Savings,9367.78,B004,Active,2017-12-02
A10708,C03268,Savings,7487.54,B013,Dormant,2023-09-23
A10709,C17210,Savings,61839.5,B012,Active,2024-03-14
A10710,C24053,Credit Card,-7393.57,B024,Active,2023-09-05
A10711,C05746,Savings,63555.29,B009,Active,2023-08-25
A10712,C26093,Savings,29982.68,B016,Active,2017-04-24
A10713,C11339,Credit Card,-12383.35,B008,Active,2023-04-30
A10714,C00413,Checking,13044.91,B006,Active,2023-08-16
A10715,C07544,Checking,9846.02,B022,Active,2016-08-24
A10716,C07588,Savings,38434.27,B023,Dormant,2016-02-21
A10717,C00729,Savings,66864.87,B018,Active,2017-04-11
A10718,C27925,Savings,27135.81,B021,Active,2024-01-24
A10719,C23549,Checking,25758.19,B015,Dormant,2017-10-08
A10720,C27385,Credit Card,-5415.69,B008,Active,2022-10-31
A10721,C25252,Credit Card,-11659.11,B018,Active,2018-02-09
A10722,C11658,Savings,24137.51,B016,Active,2018-11-16
A10723,C05989,Fixed Deposit,55589.03,B022,Active,2026-03-31
A10724,C18889,Savings,56990.62,B009,Active,2021-07-05
A10725,C02968,Savings,10054.79,B003,Active,2020-02-15
A10726,C14528,Credit Card,-6322.03,B024,Active,2021-04-10
A10727,C19171,Savings,13259.72,B015,Active,2020-05-06
A10728,C16049,Credit Card,-12038.93,B008,Dormant,2018-05-06
A10729,C17507,Savings,885.95,B006,Active,2021-06-03
A10730,C20464,Savings,33339.76,B025,Active,2021-06-18
A10731,C17956,Checking,28346.47,B002,Active,2015-07-05
A10732,C05074,Savings,7063.07,B007,Active,2026-06-09
A10733,C05105,Savings,63547.73,B007,Active,2017-07-22
A10734,C02144,Checking,29538.25,B007,Dormant,2015-12-25
A10735,C26264,Savings,17796.42,B022,Active,2025-01-10
A10736,C23191,Credit Card,-1901.5,B011,Closed,2015-09-22
A10737,C07358,Credit Card,-2601.94,B015,Active,2016-11-26
A10738,C28709,Checking,22937.8,B001,Active,2016-02-07
A10739,C12044,Savings,62431.97,B005,Dormant,2024-06-20
A10740,C03441,Checking,2670.7,B005,Dormant,2015-09-29
A10741,C20151,Credit Card,-10213.76,B024,Active,2024-04-19
A10742,C05645,Savings,22004.1,B023,Active,2026-03-14
A10743,C10519,Savings,58731.2,B018,Active,2026-03-16
A10744,C14553,Credit Card,-3724.05,B025,Active,2024-04-19
A10745,C02915,Savings,66879.07,B021,Active,2016-02-11
A10746,C21353,Checking,10168.19,B016,Dormant,2022-03-16
A10747,C22302,Savings,35800.12,B001,Closed,2015-12-12
A10748,C13585,Credit Card,-14718.61,B014,Active,2024-07-28
A10749,C12145,Savings,74266.4,B001,Active,2015-09-05
A10750,C14398,Fixed Deposit,105703.93,B019,Active,2019-08-31
A10751,C08788,Savings,42064.62,B017,Active,2019-01-29
A10752,C14192,Fixed Deposit,135447.38,B017,Active,2026-02-06
A10753,C00729,Savings,29499.48,B001,Active,2016-10-06
A10754,C17750,Checking,8229.62,B006,Active,2015-10-03
A10755,C20877,Credit Card,-3807.77,B012,Active,2017-12-16
A10756,C00699,Savings,28517.81,B011,Active,2017-08-30
A10757,C07187,Savings,50602.54,B015,Active,2021-08-17
A10758,C14513,Fixed Deposit,183941.9,B018,Active,2019-02-25
A10759,C13924,Savings,54584.96,B014,Active,2022-07-21
A10760,C16780,Credit Card,-13776.99,B020,Active,2015-03-18
A10761,C07401,Savings,73106.83,B021,Active,2025-09-15
A10762,C24467,Checking,26609.36,B001,Active,2026-01-21
A10763,C04172,Savings,44999.69,B006,Active,2024-09-23
A10764,C04361,Credit Card,-10673.69,B011,Active,2018-10-16
A10765,C02503,Savings,11787.99,B017,Active,2015-07-11
A10766,C26396,Checking,27820.07,B007,Closed,2017-12-12
A10767,C17102,Savings,29881.13,B016,Active,2022-11-11
A10768,C19167,Checking,31921.07,B013,Active,2024-09-21
A10769,C21331,Savings,70563.41,B011,Active,2015-04-27
A10770,C28154,Savings,4648.98,B013,Active,2021-10-16
A10771,C05487,Checking,20354.14,B024,Active,2018-11-18
A10772,C08336,Savings,29086.77,B006,Dormant,2020-07-31
A10773,C21365,Fixed Deposit,105065.05,B016,Active,2021-02-12
A10774,C27717,Credit Card,-5756.97,B014,Closed,2026-06-15
A10775,C23651,Checking,27229.18,B025,Active,2017-07-19
A10776,C04492,Savings,41450.76,B021,Active,2017-10-08
A10777,C23577,Checking,26510.49,B013,Active,2017-02-09
A10778,C11131,Savings,72408.01,B025,Active,2018-08-04
A10779,C21973,Credit Card,-8834.51,B002,Active,2019-07-25
A10780,C07652,Savings,33617.93,B016,Active,2022-04-17
A10781,C20021,Savings,50665.16,B016,Active,2023-03-05
A10782,C27799,Savings,3440.31,B016,Active,2019-09-05
A10783,C01168,Loan Account,-176769.97,B020,Closed,2016-07-22
A10784,C27193,Credit Card,-12741.75,B012,Dormant,2016-06-16
A10785,C01063,Savings,43574.69,B006,Active,2019-05-03
A10786,C18541,Loan Account,-92269.83,B008,Active,2021-08-13
A10787,C24245,Savings,23292.23,B009,Active,2023-11-07
A10788,C21546,Credit Card,-6376.36,B022,Active,2025-09-28
A10789,C21690,Checking,33753.52,B007,Active,2021-12-01
A10790,C11175,Credit Card,-2070.16,B010,Active,2022-10-26
A10791,C22926,Savings,27281.37,B012,Active,2016-06-28
A10792,C27871,Savings,71371.9,B018,Active,2022-06-12
A10793,C04730,Checking,12483.07,B022,Closed,2024-10-04
A10794,C09349,Savings,43226.48,B008,Active,2024-07-02
A10795,C23715,Savings,51619.61,B022,Active,2018-08-10
A10796,C05335,Credit Card,-5865.72,B014,Active,2021-12-10
A10797,C08925,Checking,29592.87,B003,Active,2018-03-06
A10798,C04331,Savings,42613.91,B023,Active,2022-10-29
A10799,C24395,Savings,28407.47,B003,Dormant,2025-08-11
A10800,C06802,Savings,41141.4,B025,Active,2020-10-05
A10801,C04847,Credit Card,-981.17,B009,Active,2016-12-20
A10802,C06732,Credit Card,-4346.6,B002,Active,2021-01-08
A10803,C15369,Credit Card,-10795.94,B001,Active,2021-09-29
A10804,C23626,Credit Card,-14703.95,B023,Dormant,2025-02-23
A10805,C17338,Credit Card,-5933.57,B015,Active,2026-03-28
A10806,C02540,Savings,11482.24,B020,Active,2022-08-28
A10807,C07057,Savings,38017.04,B003,Active,2017-05-23
A10808,C11517,Credit Card,-11313.51,B003,Active,2015-02-05
A10809,C11494,Savings,67361.83,B025,Dormant,2022-10-12
A10810,C01543,Loan Account,-174283.29,B023,Active,2016-02-02
A10811,C21678,Fixed Deposit,246143.15,B010,Active,2020-08-08
A10812,C13965,Checking,3962.52,B010,Active,2018-12-31
A10813,C17576,Savings,45595.21,B001,Active,2022-07-19
A10814,C06314,Checking,18220.45,B018,Active,2017-02-27
A10815,C27570,Credit Card,-4121.9,B016,Active,2024-04-17
A10816,C23323,Credit Card,-11626.49,B024,Active,2025-09-14
A10817,C19066,Savings,32426.88,B012,Active,2019-03-19
A10818,C25794,Credit Card,-14933.26,B013,Active,2020-07-29
A10819,C17925,Checking,23493.95,B016,Active,2015-06-07
A10820,C22557,Savings,24300.43,B024,Active,2019-02-26
A10821,C27813,Savings,71909.16,B025,Active,2019-09-05
A10822,C21926,Checking,16112.74,B006,Active,2019-04-30
A10823,C26963,Savings,52177.2,B007,Active,2016-01-27
A10824,C28296,Savings,13488.28,B017,Dormant,2025-11-19
A10825,C13808,Savings,60555.86,B018,Active,2023-09-30
A10826,C09581,Fixed Deposit,8675.59,B012,Active,2021-11-21
A10827,C26433,Savings,4504.16,B021,Active,2015-06-19
A10828,C17750,Savings,58396.46,B006,Active,2023-07-16
A10829,C08692,Savings,30639.19,B014,Active,2026-05-26
A10830,C26257,Credit Card,-14194.11,B013,Active,2015-05-05
A10831,C25087,Credit Card,-9124.6,B011,Active,2026-05-22
A10832,C07495,Credit Card,-12586.3,B011,Active,2025-05-10
A10833,C04313,Checking,16422.95,B001,Active,2015-11-16
A10834,C01325,Checking,34635.07,B003,Dormant,2021-05-30
A10835,C25732,Savings,1435.87,B021,Active,2018-07-24
A10836,C26404,Checking,27283.77,B008,Dormant,2015-01-05
A10837,C03142,Savings,27868.66,B023,Active,2026-03-17
A10838,C23804,Checking,27475.66,B014,Active,2019-12-02
A10839,C19871,Savings,33754.66,B001,Active,2019-05-31
A10840,C01811,Fixed Deposit,189003.7,B013,Active,2015-05-18
A10841,C06589,Checking,19290.03,B001,Active,2019-09-04
A10842,C19308,Checking,26099.22,B007,Active,2023-11-25
A10843,C05302,Checking,18007.93,B024,Active,2021-03-27
A10844,C26791,Credit Card,-4940.44,B013,Active,2015-05-29
A10845,C20571,Checking,16147.71,B021,Active,2023-05-23
A10846,C25290,Savings,18047.5,B010,Active,2019-03-26
A10847,C22362,Savings,56915.88,B022,Active,2016-07-07
A10848,C28179,Savings,37668.29,B018,Active,2017-04-17
A10849,C28711,Savings,29671.0,B024,Active,2026-01-08
A10850,C15486,Savings,74347.7,B023,Active,2020-09-23
A10851,C11715,Fixed Deposit,18075.59,B018,Active,2023-10-09
A10852,C20653,Credit Card,-4122.15,B011,Active,2023-11-29
A10853,C04749,Savings,31360.33,B022,Active,2019-08-05
A10854,C21234,Savings,25302.81,B011,Active,2017-08-19
A10855,C09436,Checking,31342.34,B015,Active,2024-04-12
A10856,C03710,Savings,58304.29,B024,Dormant,2017-12-20
A10857,C25658,Credit Card,-14692.27,B011,Active,2025-04-24
A10858,C23004,Savings,55319.12,B012,Active,2018-01-25
A10859,C25032,Fixed Deposit,7026.81,B012,Active,2016-03-16
A10860,C13117,Savings,4027.19,B021,Active,2021-11-02
A10861,C25471,Savings,19471.98,B016,Dormant,2017-06-16
A10862,C09577,Fixed Deposit,245297.48,B005,Active,2024-02-11
A10863,C10151,Savings,29650.06,B009,Active,2016-02-19
A10864,C19457,Savings,42906.38,B022,Active,2020-06-24
A10865,C06531,Savings,58705.75,B012,Active,2017-03-21
A10866,C10189,Checking,9241.13,B023,Active,2019-03-18
A10867,C14684,Savings,70444.75,B016,Active,2022-10-23
A10868,C28862,Fixed Deposit,118066.08,B007,Active,2026-02-20
A10869,C00505,Fixed Deposit,219981.68,B017,Active,2024-01-12
A10870,C01215,Credit Card,-8212.97,B002,Active,2016-12-28
A10871,C01532,Savings,68082.21,B021,Active,2021-06-27
A10872,C28017,Loan Account,-29628.86,B025,Dormant,2021-10-12
A10873,C23961,Credit Card,-9843.03,B022,Active,2025-02-08
A10874,C00824,Savings,7011.5,B018,Active,2026-01-04
A10875,C17313,Savings,5200.6,B024,Active,2015-06-21
A10876,C05030,Checking,16407.24,B019,Dormant,2021-05-02
A10877,C13429,Credit Card,-14388.98,B024,Active,2017-10-05
A10878,C16518,Savings,46830.18,B020,Active,2018-09-24
A10879,C02106,Checking,28303.69,B018,Active,2025-04-14
A10880,C03628,Loan Account,-28333.39,B011,Active,2018-06-10
A10881,C12973,Savings,70942.99,B020,Active,2015-09-08
A10882,C22701,Savings,6762.22,B001,Active,2019-05-23
A10883,C01853,Fixed Deposit,219675.67,B009,Active,2025-09-15
A10884,C04911,Savings,7974.94,B023,Active,2021-11-23
A10885,C29845,Fixed Deposit,247672.31,B011,Closed,2018-02-06
A10886,C20560,Credit Card,-13367.32,B001,Active,2019-05-29
A10887,C27510,Savings,74674.81,B011,Active,2015-08-27
A10888,C27861,Savings,31142.34,B008,Active,2024-10-08
A10889,C28875,Savings,55628.18,B003,Active,2022-05-25
A10890,C11004,Savings,13563.56,B012,Dormant,2018-06-30
A10891,C21733,Credit Card,-13761.91,B020,Dormant,2019-07-09
A10892,C25827,Checking,23567.09,B007,Active,2017-05-09
A10893,C13844,Credit Card,-6702.61,B020,Active,2016-04-15
A10894,C11705,Checking,31787.83,B020,Active,2023-09-12
A10895,C15762,Checking,23858.65,B009,Closed,2026-04-10
A10896,C06191,Loan Account,-73928.86,B011,Active,2015-01-19
A10897,C17641,Credit Card,-5210.53,B022,Active,2024-08-06
A10898,C19761,Fixed Deposit,103207.02,B014,Active,2017-11-29
A10899,C05646,Savings,54268.55,B024,Active,2017-06-19
A10900,C29839,Credit Card,-1586.28,B001,Active,2023-01-26
A10901,C19871,Checking,24237.05,B010,Dormant,2020-02-11
A10902,C19969,Fixed Deposit,32676.32,B004,Active,2020-03-14
A10903,C09589,Checking,15880.88,B018,Active,2023-09-18
A10904,C11830,Savings,30575.47,B001,Active,2020-11-03
A10905,C08054,Savings,36591.07,B024,Active,2016-04-07
A10906,C03331,Savings,22217.38,B024,Active,2024-12-21
A10907,C19088,Savings,42093.58,B009,Active,2026-01-20
A10908,C08663,Checking,28171.8,B001,Active,2020-02-09
A10909,C24505,Fixed Deposit,87155.26,B019,Active,2019-01-22
A10910,C07115,Savings,69094.44,B012,Active,2017-11-27
A10911,C13324,Savings,21074.67,B015,Active,2022-05-16
A10912,C01354,Fixed Deposit,127849.02,B018,Active,2024-06-13
A10913,C10976,Savings,49282.25,B020,Active,2023-09-06
A10914,C11024,Loan Account,-37740.77,B006,Dormant,2018-08-29
A10915,C21448,Savings,50241.25,B008,Active,2022-02-06
A10916,C24934,Savings,66149.41,B004,Active,2016-03-30
A10917,C27596,Savings,62420.68,B020,Active,2015-06-11
A10918,C23960,Loan Account,-159621.81,B015,Dormant,2017-04-16
A10919,C00668,Fixed Deposit,95835.7,B004,Active,2021-05-04
A10920,C20853,Credit Card,-14562.59,B004,Active,2017-10-06
A10921,C29704,Savings,21911.09,B004,Active,2020-10-07
A10922,C09338,Loan Account,-197024.86,B021,Closed,2016-12-03
A10923,C13660,Fixed Deposit,173267.97,B015,Closed,2021-08-12
A10924,C23204,Savings,53397.67,B006,Active,2020-02-02
A10925,C28762,Checking,27405.71,B001,Active,2017-08-19
A10926,C03720,Loan Account,-171840.64,B018,Dormant,2022-08-25
A10927,C19130,Savings,24671.13,B021,Active,2023-01-26
A10928,C07484,Savings,47314.69,B013,Active,2022-03-15
A10929,C00540,Fixed Deposit,214048.37,B013,Active,2023-04-28
A10930,C27356,Checking,29734.98,B008,Active,2015-02-15
A10931,C04965,Loan Account,-120113.33,B003,Active,2017-10-21
A10932,C28713,Checking,11636.02,B010,Active,2026-05-29
A10933,C04836,Savings,35081.95,B011,Active,2018-12-12
A10934,C20160,Checking,5671.66,B013,Dormant,2022-11-07
A10935,C06043,Credit Card,-11545.03,B002,Active,2018-12-29
A10936,C14838,Savings,1850.7,B004,Active,2019-05-04
A10937,C23487,Savings,56193.88,B009,Active,2021-09-04
A10938,C07313,Savings,74624.08,B014,Dormant,2025-05-07
A10939,C05321,Checking,2805.47,B011,Active,2022-02-15
A10940,C13217,Loan Account,-170226.38,B002,Active,2018-05-16
A10941,C22517,Checking,7229.26,B016,Active,2015-01-17
A10942,C24276,Checking,19106.13,B024,Active,2025-03-26
A10943,C27085,Savings,29364.1,B020,Active,2021-04-22
A10944,C02780,Checking,2855.78,B013,Active,2021-04-28
A10945,C17309,Checking,269.87,B004,Active,2025-10-21
A10946,C27533,Credit Card,-9927.87,B024,Dormant,2023-07-05
A10947,C01582,Fixed Deposit,113238.14,B017,Active,2017-12-22
A10948,C24099,Checking,24167.85,B009,Active,2020-07-22
A10949,C19709,Loan Account,-6065.92,B021,Active,2025-10-28
A10950,C12678,Credit Card,-8797.84,B012,Closed,2022-05-22
A10951,C05714,Savings,39287.63,B016,Active,2018-05-21
A10952,C23411,Checking,25676.23,B009,Closed,2020-10-20
A10953,C16640,Fixed Deposit,107244.91,B024,Active,2016-04-27
A10954,C04805,Fixed Deposit,151368.41,B013,Active,2015-06-13
A10955,C18223,Savings,27939.07,B021,Active,2019-01-17
A10956,C10137,Credit Card,-143.93,B007,Active,2021-12-29
A10957,C00010,Savings,17063.93,B016,Active,2025-12-17
A10958,C19256,Savings,56286.04,B020,Dormant,2023-05-01
A10959,C25374,Fixed Deposit,27305.72,B005,Active,2015-10-31
A10960,C23794,Fixed Deposit,71453.29,B022,Active,2019-10-13
A10961,C23803,Checking,24484.24,B006,Active,2017-04-16
A10962,C29549,Savings,23340.47,B021,Active,2025-07-14
A10963,C05125,Credit Card,-10393.73,B002,Active,2024-09-20
A10964,C01016,Checking,7303.86,B001,Active,2020-03-01
A10965,C26401,Savings,6797.73,B022,Active,2025-11-13
A10966,C29046,Savings,26943.47,B017,Active,2020-09-19
A10967,C27713,Savings,7594.38,B017,Active,2016-11-18
A10968,C02194,Checking,34503.21,B018,Active,2018-12-29
A10969,C08416,Savings,22989.03,B016,Active,2022-08-30
A10970,C13551,Savings,40026.87,B017,Active,2015-02-05
A10971,C14513,Fixed Deposit,71936.91,B005,Active,2021-01-13
A10972,C29525,Loan Account,-154453.59,B001,Active,2021-10-06
A10973,C23834,Savings,54032.74,B003,Active,2015-04-16
A10974,C04159,Savings,27482.95,B022,Active,2025-10-04
A10975,C29913,Checking,5870.7,B006,Closed,2022-07-28
A10976,C20310,Savings,15432.99,B011,Dormant,2023-02-16
A10977,C06971,Savings,65859.36,B019,Active,2023-11-16
A10978,C06939,Savings,42612.42,B019,Active,2025-08-03
A10979,C21169,Fixed Deposit,166932.01,B023,Active,2022-08-19
A10980,C13773,Loan Account,-182721.67,B015,Active,2016-03-21
A10981,C20385,Credit Card,-6323.92,B008,Active,2016-01-03
A10982,C18018,Checking,6598.59,B004,Active,2026-06-21
A10983,C10345,Credit Card,-13176.95,B006,Active,2021-04-23
A10984,C07267,Checking,17036.28,B017,Active,2019-08-09
A10985,C08703,Checking,20867.79,B017,Active,2015-07-06
A10986,C00385,Checking,12762.12,B001,Closed,2021-09-11
A10987,C00405,Credit Card,-4658.1,B012,Active,2026-01-23
A10988,C08176,Savings,62164.46,B021,Active,2017-09-30
A10989,C15159,Savings,46497.06,B022,Active,2019-07-21
A10990,C29190,Loan Account,-44999.48,B002,Active,2026-05-17
A10991,C12764,Savings,63702.45,B008,Active,2022-08-10
A10992,C18385,Savings,74244.07,B016,Active,2017-03-09
A10993,C27333,Savings,43888.77,B019,Active,2017-05-16
A10994,C09861,Savings,8793.5,B019,Active,2023-08-10
A10995,C05990,Savings,31281.23,B003,Active,2022-02-26
A10996,C15107,Savings,56015.95,B013,Active,2018-05-12
A10997,C17845,Checking,30505.75,B010,Active,2020-05-30
A10998,C23575,Savings,16123.35,B025,Active,2018-09-09
A10999,C23525,Checking,21121.84,B009,Dormant,2022-12-08
A11000,C03637,Savings,54892.58,B009,Dormant,2023-08-31
