loan_id,customer_id,loan_type,loan_amount,interest_rate,emi,credit_score,loan_status,default_flag,remaining_balance
L00001,C15796,Personal Loan,3000,0.1054,65,782,Active,No,600
L00002,C00861,Education Loan,10000,0.0805,244,713,Active,No,6400
L00003,C05391,Education Loan,18000,0.09449999999999999,294,647,Closed,No,0
L00004,C21576,Education Loan,34000,0.1002,450,620,Active,No,21900
L00005,C11965,Home Loan,350000,0.0737,3219,638,Closed,No,0
L00006,C11285,Home Loan,250000,0.0665,1605,703,Active,No,41300
L00007,C06266,Education Loan,8000,0.085,99,658,Closed,No,0
L00008,C16851,Education Loan,68000,0.09970000000000001,1724,598,Closed,No,0
L00009,C04427,Personal Loan,40000,0.1076,1860,775,Active,No,5300
L00010,C21963,Personal Loan,11000,0.1256,248,702,Active,No,8800
L00011,C14424,Home Loan,250000,0.0712,1956,713,Active,No,89600
L00012,C11364,Business Loan,130000,0.1263,2933,620,Active,No,9400
L00013,C16024,Home Loan,450000,0.0855,3919,601,Active,No,367000
L00014,C08323,Home Loan,175000,0.0705,1242,676,Active,No,19100
L00015,C01686,Car Loan,64000,0.114,1404,517,Active,No,8600
L00016,C00770,Home Loan,175000,0.06849999999999999,1341,756,Active,No,76600
L00017,C02434,Business Loan,240000,0.1193,7963,630,Active,No,115200
L00018,C05312,Home Loan,425000,0.0765,3463,667,Active,Yes,253000
L00019,C05052,Home Loan,500000,0.0691,3505,726,Closed,No,0
L00020,C06421,Personal Loan,19000,0.1271,901,670,Active,No,3800
L00021,C17569,Personal Loan,27000,0.1348,1290,590,Active,No,8800
L00022,C20940,Home Loan,175000,0.05139999999999999,1168,817,Active,No,154600
L00023,C19770,Personal Loan,37000,0.1404,1012,559,Active,Yes,30500
L00024,C06397,Personal Loan,3000,0.1503,84,499,Active,No,200
L00025,C08667,Education Loan,60000,0.0774,720,764,Active,No,19500
L00026,C18943,Home Loan,375000,0.102,3461,565,Active,No,114500
L00027,C18432,Business Loan,200000,0.0934,9168,796,Active,No,163400
L00028,C02748,Car Loan,34000,0.0843,837,722,Closed,No,0
L00029,C00190,Home Loan,300000,0.0654,2033,714,Closed,No,0
L00030,C19119,Home Loan,250000,0.08789999999999999,1974,641,Active,No,27900
L00031,C03006,Personal Loan,9000,0.1264,426,619,Active,No,2400
L00032,C21043,Home Loan,475000,0.0789,4509,658,Closed,No,0
L00033,C01900,Home Loan,225000,0.075,1813,615,Closed,No,0
L00034,C01268,Home Loan,175000,0.0581,1107,792,Active,No,152700
L00035,C17913,Car Loan,42000,0.09609999999999999,770,626,Active,No,18000
L00036,C11395,Personal Loan,7000,0.1076,151,733,Active,No,6000
L00037,C03557,Home Loan,100000,0.0595,596,775,Closed,No,0
L00038,C03891,Personal Loan,16000,0.1302,539,615,Active,No,1200
L00039,C08839,Car Loan,28000,0.0894,696,722,Active,No,8000
L00040,C14503,Home Loan,150000,0.09910000000000001,1306,614,Closed,No,0
L00041,C21778,Education Loan,32000,0.0819,652,675,Closed,No,0
L00042,C10628,Personal Loan,8000,0.122,179,651,Active,No,2100
L00043,C08793,Business Loan,210000,0.1252,3766,630,Closed,No,0
L00044,C10556,Home Loan,225000,0.0682,2000,703,Closed,No,0
L00045,C10254,Business Loan,195000,0.1214,3457,586,Active,No,166300
L00046,C08434,Car Loan,42000,0.081,1318,768,Active,No,8900
L00047,C10234,Personal Loan,17000,0.137,462,598,Active,No,13000
L00048,C11017,Personal Loan,27000,0.1394,1296,582,Closed,No,0
L00049,C02613,Home Loan,300000,0.08460000000000001,2408,668,Active,No,93300
L00050,C21871,Business Loan,240000,0.1185,7954,658,Active,Yes,167600
L00051,C15788,Car Loan,64000,0.0806,1300,720,Active,No,53200
L00052,C17160,Home Loan,350000,0.0712,2739,697,Active,No,220000
L00053,C12207,Home Loan,125000,0.09880000000000001,1334,551,Active,Yes,77800
L00054,C08227,Home Loan,325000,0.0588,2306,773,Closed,No,0
L00055,C14542,Car Loan,40000,0.098,737,666,Closed,No,0
L00056,C03153,Car Loan,30000,0.0877,537,710,Active,No,4100
L00057,C01586,Personal Loan,11000,0.0984,966,850,Closed,No,0
L00058,C03944,Home Loan,350000,0.0522,2353,799,Active,No,306200
L00059,C19458,Personal Loan,29000,0.1205,1366,707,Active,No,2200
L00060,C01022,Personal Loan,5000,0.1364,448,573,Active,No,2400
L00061,C11654,Home Loan,450000,0.0867,3514,574,Active,No,180800
L00062,C10806,Home Loan,225000,0.0561,1397,788,Active,No,163400
L00063,C13418,Home Loan,375000,0.0742,2752,655,Active,No,327600
L00064,C20228,Business Loan,30000,0.1132,657,675,Active,No,25600
L00065,C07990,Car Loan,46000,0.1055,865,592,Closed,No,0
L00066,C09693,Business Loan,80000,0.1102,3729,727,Active,No,42100
L00067,C12991,Home Loan,150000,0.0518,1005,787,Active,No,17200
L00068,C06874,Education Loan,28000,0.0612,313,819,Active,No,17500
L00069,C05676,Car Loan,50000,0.0946,1049,651,Active,No,34100
L00070,C00162,Personal Loan,16000,0.1168,419,744,Closed,No,0
L00071,C04298,Home Loan,175000,0.0654,1528,681,Active,No,30600
L00072,C00996,Car Loan,28000,0.083,688,764,Active,No,20400
L00073,C11535,Business Loan,140000,0.1103,3046,689,Active,No,30000
L00074,C07630,Home Loan,500000,0.086,3880,619,Defaulted,Yes,281400
L00075,C01017,Home Loan,400000,0.06480000000000001,2696,802,Active,No,193300
L00076,C08530,Car Loan,42000,0.08900000000000001,870,698,Active,No,35900
L00077,C17263,Business Loan,250000,0.1108,11661,660,Active,No,190100
L00078,C09269,Car Loan,46000,0.08380000000000001,941,705,Active,No,22000
L00079,C21272,Home Loan,250000,0.0803,1935,627,Active,No,182300
L00080,C12186,Personal Loan,3000,0.1086,77,725,Active,No,1300
L00081,C21244,Personal Loan,12000,0.1223,400,673,Closed,No,0
L00082,C06332,Education Loan,18000,0.09570000000000001,234,622,Closed,No,0
L00083,C08572,Car Loan,44000,0.0521,1323,850,Active,No,32600
L00084,C07209,Personal Loan,34000,0.1346,3044,604,Active,No,5000
L00085,C05277,Home Loan,175000,0.07200000000000001,1593,720,Active,No,103200
L00086,C18447,Business Loan,65000,0.1168,3050,694,Closed,No,0
L00087,C16449,Car Loan,38000,0.09789999999999999,803,602,Active,No,9900
L00088,C16217,Business Loan,175000,0.1252,5856,661,Closed,No,0
L00089,C08007,Personal Loan,25000,0.1351,677,575,Closed,No,0
L00090,C02569,Education Loan,8000,0.0668,92,850,Closed,No,0
L00091,C21848,Education Loan,34000,0.09369999999999999,553,667,Closed,No,0
L00092,C02028,Home Loan,250000,0.08039999999999999,1936,674,Closed,No,0
L00093,C02696,Business Loan,155000,0.0877,7065,850,Active,No,13700
L00094,C15423,Home Loan,375000,0.08789999999999999,2961,619,Closed,No,0
L00095,C05259,Car Loan,12000,0.0722,206,800,Closed,No,0
L00096,C06737,Business Loan,160000,0.09720000000000001,5142,740,Active,No,136900
L00097,C00392,Home Loan,300000,0.09939999999999999,2713,521,Closed,No,0
L00098,C13987,Car Loan,24000,0.1004,775,658,Active,No,16800
L00099,C12667,Personal Loan,20000,0.1098,1767,727,Active,No,17100
L00100,C05893,Car Loan,38000,0.0919,1212,693,Closed,No,0
L00101,C03562,Education Loan,38000,0.08259999999999999,466,693,Closed,No,0
L00102,C06185,Car Loan,42000,0.09210000000000002,761,638,Active,No,6500
L00103,C19484,Education Loan,76000,0.0876,1214,629,Active,No,63100
L00104,C08393,Home Loan,500000,0.0785,3617,663,Closed,No,0
L00105,C13068,Home Loan,300000,0.053,2030,850,Active,Yes,208000
L00106,C15266,Personal Loan,8000,0.1258,213,612,Active,No,2300
L00107,C19489,Car Loan,14000,0.0998,259,649,Active,No,8600
L00108,C02455,Home Loan,350000,0.0823,3391,692,Active,No,200000
L00109,C11838,Car Loan,26000,0.1016,554,565,Active,Yes,15600
L00110,C14040,Personal Loan,5000,0.1169,444,726,Active,No,3100
L00111,C19116,Car Loan,64000,0.1087,1214,580,Active,No,44600
L00112,C10966,Home Loan,450000,0.0832,3854,597,Closed,No,0
L00113,C09763,Car Loan,54000,0.1068,1165,593,Active,No,6500
L00114,C05057,Car Loan,50000,0.1058,1077,550,Active,No,26300
L00115,C14949,Business Loan,150000,0.094,2444,797,Active,No,29000
L00116,C08111,Car Loan,60000,0.0814,1056,734,Active,No,48200
L00117,C13774,Car Loan,30000,0.0757,520,768,Closed,No,0
L00118,C20225,Business Loan,30000,0.09449999999999999,629,760,Active,No,13500
L00119,C17413,Car Loan,56000,0.0901,1010,675,Closed,No,0
L00120,C00503,Home Loan,100000,0.073,686,687,Active,No,72600
L00121,C06911,Education Loan,54000,0.0688,1066,776,Closed,No,0
L00122,C12686,Car Loan,14000,0.07,239,829,Active,No,7000
L00123,C20873,Personal Loan,31000,0.1406,1489,583,Active,No,19200
L00124,C00207,Car Loan,18000,0.0672,429,850,Active,No,6600
L00125,C21519,Education Loan,38000,0.099,629,578,Active,No,17800
L00126,C17869,Business Loan,90000,0.1145,1977,650,Active,No,31800
L00127,C15935,Business Loan,55000,0.1118,2568,696,Active,No,33600
L00128,C17248,Home Loan,325000,0.0783,2472,704,Closed,No,0
L00129,C19175,Personal Loan,33000,0.0947,2893,850,Active,No,16000
L00130,C08756,Home Loan,425000,0.0632,2636,776,Active,No,273000
L00131,C21501,Home Loan,225000,0.06280000000000001,1649,725,Active,No,115400
L00132,C12384,Education Loan,48000,0.0679,1145,778,Active,No,29500
L00133,C18142,Personal Loan,24000,0.1166,628,719,Active,No,4900
L00134,C14821,Car Loan,52000,0.094,1304,632,Active,No,12400
L00135,C07575,Car Loan,34000,0.0859,606,731,Active,No,24100
L00136,C06375,Car Loan,18000,0.0909,325,695,Active,No,1500
L00137,C01679,Home Loan,100000,0.0815,846,618,Active,No,22400
L00138,C19627,Home Loan,175000,0.045,1339,797,Closed,No,0
L00139,C21021,Personal Loan,10000,0.1233,265,685,Active,No,1100
L00140,C01060,Personal Loan,5000,0.1313,238,594,Active,No,3400
L00141,C16199,Business Loan,35000,0.1218,621,608,Active,No,21100
L00142,C09915,Education Loan,22000,0.066,251,735,Active,No,18500
L00143,C19542,Personal Loan,19000,0.0947,399,779,Active,No,14700
L00144,C10818,Education Loan,28000,0.077,564,730,Active,No,9900
L00145,C10922,Home Loan,100000,0.07150000000000001,907,731,Closed,No,0
L00146,C09790,Car Loan,38000,0.0941,693,621,Active,No,14400
L00147,C16313,Home Loan,125000,0.0679,1109,697,Closed,No,0
L00148,C11253,Car Loan,64000,0.0942,1342,661,Closed,No,0
L00149,C02694,Personal Loan,22000,0.1267,497,673,Closed,No,0
L00150,C13932,Home Loan,225000,0.075,1663,680,Closed,No,0
L00151,C03628,Home Loan,150000,0.0775,1133,633,Active,No,17700
L00152,C16158,Personal Loan,24000,0.108,618,753,Active,No,6300
L00153,C10174,Car Loan,42000,0.1075,1370,604,Active,No,24100
L00154,C21835,Home Loan,400000,0.0902,4062,579,Active,No,177800
L00155,C18048,Car Loan,46000,0.0897,1144,623,Active,No,15100
L00156,C10231,Car Loan,60000,0.0823,1887,765,Closed,No,0
L00157,C15708,Car Loan,48000,0.0771,1498,718,Active,No,2700
L00158,C21977,Car Loan,46000,0.1094,1188,538,Active,No,40400
L00159,C11495,Home Loan,100000,0.0681,653,740,Active,No,10900
L00160,C01307,Personal Loan,15000,0.118,1331,685,Closed,No,0
L00161,C06777,Business Loan,60000,0.1134,1974,654,Active,No,28400
L00162,C09475,Car Loan,28000,0.0885,888,669,Closed,No,0
L00163,C07527,Car Loan,16000,0.1098,524,576,Active,No,5800
L00164,C21960,Car Loan,52000,0.0824,1635,704,Active,No,5400
L00165,C05531,Home Loan,425000,0.0909,3447,582,Active,No,53300
L00166,C20798,Car Loan,58000,0.1006,1873,660,Active,No,4800
L00167,C03749,Business Loan,130000,0.1143,2854,660,Active,No,105700
L00168,C13546,Home Loan,475000,0.0713,3397,755,Active,No,208000
L00169,C00664,Education Loan,66000,0.0827,1347,693,Closed,No,0
L00170,C01999,Home Loan,200000,0.0662,1365,750,Closed,No,0
L00171,C07995,Personal Loan,14000,0.1352,379,588,Closed,No,0
L00172,C17880,Education Loan,28000,0.0866,350,680,Active,No,6200
L00173,C03305,Education Loan,70000,0.08109999999999999,1095,735,Active,No,61400
L00174,C20148,Education Loan,66000,0.0678,1300,795,Closed,No,0
L00175,C21617,Business Loan,120000,0.1253,2152,593,Active,No,85000
L00176,C18238,Personal Loan,5000,0.128,113,618,Active,No,2700
L00177,C13809,Car Loan,20000,0.0801,627,732,Closed,No,0
L00178,C06586,Personal Loan,9000,0.1014,416,826,Closed,No,0
L00179,C17676,Personal Loan,37000,0.1202,975,714,Active,No,3900
L00180,C19966,Personal Loan,36000,0.1279,1708,595,Active,No,27700
L00181,C11650,Car Loan,26000,0.1073,562,597,Closed,No,0
L00182,C01637,Personal Loan,28000,0.1249,1324,701,Closed,No,0
L00183,C20081,Education Loan,48000,0.081,585,720,Active,No,30900
L00184,C17083,Car Loan,32000,0.0828,565,671,Closed,No,0
L00185,C04738,Home Loan,125000,0.0908,1274,598,Closed,No,0
L00186,C14556,Car Loan,56000,0.073,1117,783,Closed,No,0
L00187,C13878,Personal Loan,16000,0.1182,1420,660,Active,No,5100
L00188,C00855,Personal Loan,9000,0.1099,196,734,Closed,No,0
L00189,C05856,Education Loan,14000,0.1105,240,539,Active,No,12300
L00190,C07393,Personal Loan,29000,0.1112,2565,792,Active,No,19200
L00191,C13950,Education Loan,18000,0.09380000000000001,232,631,Active,No,2300
L00192,C21634,Car Loan,12000,0.06150000000000001,366,804,Closed,No,0
L00193,C21557,Personal Loan,28000,0.1162,1313,742,Active,No,21000
L00194,C18092,Car Loan,48000,0.0974,883,568,Closed,No,0
L00195,C05792,Home Loan,275000,0.06860000000000001,1919,710,Active,No,165600
L00196,C21920,Home Loan,100000,0.0573,582,830,Active,No,44500
L00197,C04932,Home Loan,300000,0.0802,2513,639,Active,No,168600
L00198,C19895,Personal Loan,23000,0.1004,1062,830,Closed,No,0
L00199,C00203,Home Loan,425000,0.068,2950,722,Active,No,166500
L00200,C11448,Business Loan,230000,0.0901,3702,803,Active,No,38000
L00201,C20603,Personal Loan,39000,0.1215,1298,703,Closed,No,0
L00202,C12689,Car Loan,52000,0.0858,927,679,Active,No,6100
L00203,C04390,Home Loan,450000,0.05,2416,846,Active,No,384000
L00204,C02328,Home Loan,475000,0.0764,3554,751,Active,No,28100
L00205,C08005,Home Loan,275000,0.078,1980,669,Active,No,39400
L00206,C19316,Car Loan,42000,0.09119999999999999,760,726,Active,No,36900
L00207,C07778,Personal Loan,27000,0.1221,1274,641,Active,No,11100
L00208,C00198,Personal Loan,34000,0.1112,1115,699,Active,No,3500
L00209,C01931,Personal Loan,23000,0.1047,589,791,Closed,No,0
L00210,C11775,Car Loan,58000,0.0864,1035,676,Closed,No,0
L00211,C15088,Home Loan,475000,0.0801,4542,615,Closed,No,0
L00212,C09340,Car Loan,22000,0.1002,468,607,Active,No,12000
L00213,C20667,Personal Loan,12000,0.1206,399,696,Active,No,3300
L00214,C11590,Car Loan,60000,0.0946,1259,621,Active,No,5500
L00215,C18896,Home Loan,225000,0.0917,2049,568,Defaulted,Yes,207400
L00216,C15709,Personal Loan,17000,0.1296,808,588,Closed,No,0
L00217,C17044,Home Loan,325000,0.06269999999999999,2005,789,Closed,No,0
L00218,C02812,Business Loan,205000,0.112,3532,677,Active,No,150900
L00219,C14244,Personal Loan,21000,0.127,475,694,Active,No,18100
L00220,C06547,Business Loan,220000,0.1093,3759,607,Closed,No,0
L00221,C01987,Personal Loan,38000,0.1211,1003,640,Active,No,7500
L00222,C08339,Home Loan,225000,0.08220000000000001,1913,637,Active,No,173800
L00223,C11412,Personal Loan,8000,0.113,263,666,Active,Yes,5100
L00224,C02912,Home Loan,175000,0.08789999999999999,1551,549,Active,No,151000
L00225,C01735,Business Loan,130000,0.09210000000000002,2712,782,Active,No,100700
L00226,C18228,Education Loan,36000,0.08439999999999999,569,688,Active,No,11600
L00227,C08681,Car Loan,28000,0.08960000000000001,696,707,Active,No,21500
L00228,C19361,Car Loan,18000,0.081,316,767,Closed,No,0
L00229,C18344,Personal Loan,9000,0.1136,421,761,Closed,No,0
L00230,C05760,Business Loan,210000,0.1227,9912,641,Active,No,46500
L00231,C02386,Home Loan,250000,0.069,1751,741,Active,No,198600
L00232,C11112,Car Loan,64000,0.0675,1969,740,Closed,No,0
L00233,C04737,Personal Loan,6000,0.1119,280,716,Closed,No,0
L00234,C01803,Business Loan,140000,0.1007,4522,780,Closed,No,0
L00235,C08156,Education Loan,26000,0.0724,518,757,Active,No,3200
L00236,C08121,Business Loan,70000,0.1019,1169,751,Active,No,5800
L00237,C06617,Personal Loan,22000,0.1057,1940,806,Active,No,13100
L00238,C14258,Home Loan,125000,0.0711,977,692,Closed,No,0
L00239,C14487,Personal Loan,39000,0.1189,1834,694,Closed,No,0
L00240,C21919,Car Loan,40000,0.0833,817,759,Closed,No,0
L00241,C20446,Car Loan,40000,0.0889,993,674,Active,No,5300
L00242,C16647,Home Loan,325000,0.0594,2317,730,Closed,No,0
L00243,C14076,Personal Loan,22000,0.1289,1045,642,Active,No,14800
L00244,C09209,Home Loan,350000,0.1066,3532,496,Closed,No,0
L00245,C16372,Education Loan,10000,0.0781,155,740,Closed,No,0
L00246,C11836,Home Loan,100000,0.09119999999999999,847,558,Active,No,26500
L00247,C13169,Car Loan,62000,0.1007,1575,630,Active,No,30300
L00248,C02050,Home Loan,300000,0.0597,2144,759,Active,No,138000
L00249,C05424,Personal Loan,22000,0.0986,556,760,Closed,No,0
L00250,C14590,Business Loan,230000,0.0983,3798,789,Active,No,102800
L00251,C20933,Home Loan,175000,0.1016,1556,518,Active,Yes,79100
L00252,C19493,Home Loan,125000,0.0595,802,715,Active,No,85500
L00253,C07159,Home Loan,200000,0.0725,1581,668,Closed,No,0
L00254,C10249,Personal Loan,11000,0.1114,240,773,Active,No,7500
L00255,C07401,Car Loan,24000,0.064,402,815,Active,No,21100
L00256,C19555,Home Loan,125000,0.0857,1012,578,Active,No,38900
L00257,C09875,Car Loan,12000,0.0828,245,691,Defaulted,Yes,6400
L00258,C15152,Home Loan,175000,0.059,1117,760,Active,No,54200
L00259,C18640,Education Loan,70000,0.0926,1751,661,Active,No,45700
L00260,C01155,Education Loan,76000,0.0613,1789,838,Active,No,31600
L00261,C04500,Business Loan,220000,0.1178,7284,655,Closed,No,0
L00262,C06296,Business Loan,200000,0.1193,9408,664,Closed,No,0
L00263,C12184,Personal Loan,22000,0.132,503,598,Active,No,12100
L00264,C12875,Personal Loan,29000,0.1159,758,703,Active,No,7300
L00265,C18033,Car Loan,60000,0.1255,1190,433,Active,No,39700
L00266,C05540,Home Loan,425000,0.0735,3385,668,Active,No,352700
L00267,C09638,Home Loan,175000,0.0471,909,797,Active,No,67400
L00268,C20584,Home Loan,475000,0.09380000000000001,3953,571,Active,No,49900
L00269,C15587,Personal Loan,18000,0.1527,503,552,Closed,No,0
L00270,C02558,Personal Loan,18000,0.1063,462,784,Closed,No,0
L00271,C05593,Home Loan,100000,0.0533,557,796,Closed,No,0
L00272,C16483,Home Loan,500000,0.0944,4182,574,Closed,No,0
L00273,C02201,Car Loan,62000,0.0643,1040,837,Active,No,31500
L00274,C14173,Home Loan,500000,0.06509999999999999,3164,726,Active,Yes,340900
L00275,C02962,Business Loan,135000,0.0897,2800,779,Active,No,43600
L00276,C14208,Home Loan,400000,0.08689999999999999,3272,622,Active,No,247900
L00277,C21358,Car Loan,58000,0.0687,1385,816,Closed,No,0
L00278,C20818,Personal Loan,9000,0.1277,427,667,Active,No,1700
L00279,C11970,Home Loan,300000,0.0729,2378,663,Active,No,94000
L00280,C02870,Personal Loan,34000,0.1179,753,731,Active,No,2200
L00281,C17341,Personal Loan,39000,0.1207,869,656,Active,No,15100
L00282,C13993,Education Loan,30000,0.1069,408,560,Closed,No,0
L00283,C05700,Car Loan,30000,0.0882,951,701,Closed,No,0
L00284,C20878,Home Loan,275000,0.07150000000000001,1857,662,Active,No,197300
L00285,C21296,Home Loan,325000,0.0832,2458,624,Closed,No,0
L00286,C03988,Home Loan,100000,0.05309999999999999,807,795,Active,No,51400
L00287,C13447,Home Loan,250000,0.0595,1603,850,Active,No,69600
L00288,C01219,Personal Loan,31000,0.1339,838,611,Closed,No,0
L00289,C20881,Business Loan,195000,0.1057,4198,706,Closed,No,0
L00290,C04736,Personal Loan,25000,0.1186,1175,656,Active,No,6200
L00291,C11297,Car Loan,34000,0.0738,586,850,Active,No,15500
L00292,C04556,Car Loan,30000,0.0789,939,731,Active,No,26200
L00293,C09147,Education Loan,62000,0.0761,1502,768,Closed,No,0
L00294,C08051,Home Loan,400000,0.0535,2234,790,Active,No,62100
L00295,C12758,Car Loan,44000,0.08650000000000001,1392,701,Active,No,3800
L00296,C19831,Education Loan,54000,0.08990000000000001,869,674,Active,No,14200
L00297,C17430,Home Loan,475000,0.0506,3151,819,Active,No,368700
L00298,C06894,Home Loan,375000,0.0605,3175,756,Active,No,324200
L00299,C18078,Business Loan,115000,0.1144,5383,618,Active,No,46400
L00300,C14374,Car Loan,34000,0.0958,855,628,Active,No,23700
L00301,C14566,Home Loan,325000,0.0901,2926,656,Closed,No,0
L00302,C03437,Personal Loan,11000,0.1063,282,788,Active,No,8500
L00303,C08755,Personal Loan,6000,0.0962,126,815,Closed,No,0
L00304,C10678,Personal Loan,28000,0.0941,1284,850,Closed,No,0
L00305,C05896,Personal Loan,8000,0.1283,380,629,Active,No,1900
L00306,C19739,Home Loan,200000,0.065,1742,701,Closed,No,0
L00307,C16610,Car Loan,52000,0.0935,1303,655,Active,Yes,46400
L00308,C15637,Car Loan,38000,0.09300000000000001,794,674,Active,No,24100
L00309,C21278,Education Loan,14000,0.0698,211,769,Active,No,5600
L00310,C07023,Home Loan,150000,0.0621,1283,686,Closed,No,0
L00311,C09152,Education Loan,16000,0.06570000000000001,380,801,Active,No,14100
L00312,C05601,Home Loan,325000,0.0821,2554,646,Active,No,49600
L00313,C07997,Personal Loan,39000,0.1078,3443,753,Active,No,4100
L00314,C09008,Business Loan,45000,0.1096,2097,652,Active,No,20900
L00315,C12947,Personal Loan,10000,0.151,903,533,Closed,No,0
L00316,C04643,Home Loan,150000,0.09699999999999999,1584,603,Closed,No,0
L00317,C11313,Home Loan,200000,0.0724,1825,700,Closed,No,0
L00318,C07680,Personal Loan,17000,0.09390000000000001,544,850,Active,No,11900
L00319,C08209,Car Loan,22000,0.095,462,650,Closed,No,0
L00320,C18590,Business Loan,120000,0.112,2067,675,Active,No,19200
L00321,C10717,Car Loan,44000,0.0907,1096,731,Active,No,4400
L00322,C17454,Education Loan,14000,0.08779999999999999,176,639,Active,No,3600
L00323,C03445,Car Loan,28000,0.09720000000000001,900,648,Active,No,22300
L00324,C10758,Education Loan,14000,0.0875,289,696,Active,No,5900
L00325,C14435,Home Loan,250000,0.08810000000000001,2507,652,Closed,No,0
L00326,C01061,Business Loan,125000,0.1281,2261,538,Active,No,65000
L00327,C18712,Personal Loan,34000,0.1315,1619,634,Active,Yes,15200
L00328,C03421,Business Loan,65000,0.0989,1378,742,Closed,No,0
L00329,C00302,Home Loan,450000,0.066,2874,744,Closed,No,0
L00330,C12469,Car Loan,34000,0.0732,819,803,Active,No,7600
L00331,C16991,Car Loan,50000,0.0713,1200,796,Active,No,15800
L00332,C19555,Business Loan,85000,0.1182,1883,613,Closed,No,0
L00333,C00700,Car Loan,48000,0.1027,1555,626,Active,No,36100
L00334,C21473,Personal Loan,33000,0.1373,2959,630,Active,No,18100
L00335,C00191,Personal Loan,17000,0.1195,1510,677,Active,No,4700
L00336,C10493,Personal Loan,16000,0.1334,542,637,Closed,No,0
L00337,C17365,Home Loan,325000,0.0791,3089,675,Closed,No,0
L00338,C02976,Home Loan,350000,0.0795,2917,615,Active,No,115200
L00339,C06103,Home Loan,375000,0.0599,2684,756,Closed,No,0
L00340,C17569,Personal Loan,40000,0.128,3569,609,Active,No,23000
L00341,C19712,Business Loan,180000,0.1203,8476,605,Active,No,58600
L00342,C19779,Business Loan,200000,0.0949,4199,734,Active,No,163600
L00343,C01817,Home Loan,475000,0.0644,2984,751,Active,No,197900
L00344,C00570,Home Loan,325000,0.0909,2943,670,Active,No,16800
L00345,C05443,Home Loan,300000,0.0669,2270,763,Closed,No,0
L00346,C01896,Home Loan,200000,0.0557,1384,757,Active,No,121500
L00347,C19118,Home Loan,325000,0.0554,1853,850,Active,No,196000
L00348,C03864,Personal Loan,22000,0.1046,1020,752,Active,No,11700
L00349,C12914,Personal Loan,9000,0.1022,291,835,Closed,No,0
L00350,C07456,Personal Loan,6000,0.1207,158,695,Active,No,2500
L00351,C04015,Personal Loan,15000,0.1023,486,808,Closed,No,0
L00352,C11094,Home Loan,500000,0.047,2593,810,Active,No,398800
L00353,C18071,Car Loan,48000,0.0965,1209,677,Active,Yes,24900
L00354,C03010,Education Loan,80000,0.0925,1670,631,Active,No,6300
L00355,C16539,Home Loan,325000,0.0793,2493,646,Active,No,69100
L00356,C10730,Home Loan,500000,0.0703,3886,725,Closed,No,0
L00357,C01410,Home Loan,375000,0.092,3848,592,Active,No,202800
L00358,C12250,Home Loan,200000,0.0814,1487,651,Active,No,95500
L00359,C00785,Personal Loan,20000,0.1002,507,791,Active,Yes,17000
L00360,C08097,Home Loan,275000,0.0705,1839,746,Closed,No,0
L00361,C07561,Personal Loan,15000,0.1499,357,490,Active,No,10100
L00362,C12534,Home Loan,325000,0.09449999999999999,3384,576,Active,No,115000
L00363,C07344,Car Loan,60000,0.05889999999999999,991,850,Active,No,35300
L00364,C07207,Home Loan,425000,0.0663,3733,790,Closed,No,0
L00365,C21981,Personal Loan,19000,0.1309,641,640,Closed,No,0
L00366,C05802,Home Loan,425000,0.0926,4377,563,Closed,No,0
L00367,C19191,Home Loan,450000,0.095,4195,583,Active,No,220600
L00368,C16922,Education Loan,10000,0.077,154,733,Closed,No,0
L00369,C05987,Car Loan,28000,0.065,548,850,Active,No,3600
L00370,C18226,Home Loan,175000,0.045,887,850,Closed,No,0
L00371,C10648,Car Loan,24000,0.1094,785,556,Defaulted,Yes,16500
L00372,C08717,Car Loan,32000,0.09179999999999999,799,664,Active,No,16900
L00373,C19335,Personal Loan,39000,0.1288,1044,617,Active,No,9400
L00374,C12324,Personal Loan,27000,0.1144,1264,701,Active,No,12800
L00375,C04781,Education Loan,36000,0.1058,608,576,Closed,No,0
L00376,C02369,Home Loan,200000,0.0855,1742,643,Closed,No,0
L00377,C12040,Personal Loan,21000,0.1317,565,616,Active,No,16400
L00378,C06656,Home Loan,175000,0.0758,1418,734,Active,No,96500
L00379,C08174,Car Loan,58000,0.0919,1850,646,Active,No,41200
L00380,C04496,Business Loan,45000,0.112,2102,658,Closed,No,0
L00381,C10894,Education Loan,14000,0.07719999999999999,168,733,Active,No,9000
L00382,C13404,Car Loan,48000,0.0709,1151,829,Closed,No,0
L00383,C13122,Business Loan,110000,0.08070000000000001,4979,850,Closed,No,0
L00384,C10967,Car Loan,22000,0.08929999999999999,699,728,Active,No,16800
L00385,C00854,Car Loan,14000,0.0949,294,682,Active,No,7500
L00386,C20531,Business Loan,240000,0.0908,3871,801,Closed,No,0
L00387,C20154,Home Loan,500000,0.0558,3094,789,Active,No,272100
L00388,C16959,Car Loan,58000,0.0747,1161,764,Active,No,5600
L00389,C17533,Car Loan,58000,0.1048,1089,555,Active,Yes,39700
L00390,C09908,Business Loan,75000,0.0876,1548,792,Active,No,65200
L00391,C04778,Education Loan,66000,0.07200000000000001,1003,720,Active,No,55500
L00392,C20239,Education Loan,10000,0.0928,162,614,Active,Yes,5100
L00393,C15339,Business Loan,125000,0.1137,2165,632,Active,No,85600
L00394,C02492,Personal Loan,9000,0.1042,292,739,Active,No,1300
L00395,C15329,Home Loan,500000,0.1052,4728,476,Defaulted,Yes,206200
L00396,C14600,Home Loan,375000,0.08289999999999999,2828,679,Active,No,144700
L00397,C19509,Personal Loan,24000,0.1336,551,634,Active,No,19000
L00398,C03052,Personal Loan,9000,0.1307,804,625,Active,No,4300
L00399,C15980,Personal Loan,14000,0.1277,470,651,Active,No,2400
L00400,C16389,Personal Loan,18000,0.1441,1620,564,Active,No,6100
L00401,C21607,Business Loan,140000,0.0984,6450,779,Closed,No,0
L00402,C21700,Personal Loan,16000,0.1543,558,509,Active,Yes,12100
L00403,C21254,Education Loan,58000,0.0713,1392,704,Closed,No,0
L00404,C00877,Business Loan,205000,0.119,9640,617,Active,No,22300
L00405,C04143,Personal Loan,29000,0.09609999999999999,611,850,Closed,No,0
L00406,C15203,Personal Loan,4000,0.1156,187,691,Active,No,2800
L00407,C06967,Car Loan,12000,0.1145,313,509,Active,No,7000
L00408,C07080,Car Loan,40000,0.0775,972,736,Active,No,13200
L00409,C07988,Home Loan,150000,0.08449999999999999,1297,597,Active,No,98700
L00410,C06800,Home Loan,200000,0.06309999999999999,1327,773,Active,No,48600
L00411,C04466,Home Loan,450000,0.064,3895,742,Active,No,372400
L00412,C17020,Home Loan,200000,0.0546,1223,815,Active,No,102700
L00413,C13418,Home Loan,375000,0.07150000000000001,2533,705,Active,No,54800
L00414,C18078,Home Loan,200000,0.0629,1237,759,Active,No,170100
L00415,C21137,Car Loan,34000,0.0891,1080,693,Active,No,11900
L00416,C08312,Business Loan,25000,0.1158,1172,639,Active,No,20200
L00417,C17215,Car Loan,42000,0.077,1019,780,Closed,No,0
L00418,C14099,Business Loan,100000,0.1229,2239,585,Active,No,61000
L00419,C05178,Car Loan,24000,0.09609999999999999,770,686,Active,No,9300
L00420,C14263,Car Loan,14000,0.0882,444,641,Closed,No,0
L00421,C08309,Personal Loan,3000,0.1115,78,761,Closed,No,0
L00422,C05950,Home Loan,225000,0.0718,1524,609,Closed,No,0
L00423,C19223,Education Loan,16000,0.0808,250,655,Closed,No,0
L00424,C01151,Business Loan,45000,0.1063,2090,693,Closed,No,0
L00425,C01932,Personal Loan,20000,0.09910000000000001,644,816,Active,No,13400
L00426,C09205,Home Loan,500000,0.08929999999999999,4172,644,Closed,No,0
L00427,C18049,Car Loan,40000,0.0941,729,655,Active,No,35800
L00428,C01082,Home Loan,150000,0.09359999999999999,1554,575,Active,No,54700
L00429,C16897,Home Loan,225000,0.0872,1984,606,Active,No,97400
L00430,C13408,Education Loan,12000,0.0774,144,725,Active,No,4200
L00431,C07806,Personal Loan,22000,0.1137,1029,692,Active,No,1900
L00432,C05238,Car Loan,14000,0.1,355,694,Active,No,8200
L00433,C16944,Business Loan,185000,0.0889,8442,838,Active,No,108200
L00434,C20057,Personal Loan,12000,0.1402,410,547,Active,No,7300
L00435,C12776,Personal Loan,40000,0.103,1851,850,Active,No,29700
L00436,C16245,Home Loan,450000,0.065,3920,790,Active,No,25300
L00437,C13185,Home Loan,425000,0.0888,4280,662,Active,No,216500
L00438,C03344,Car Loan,14000,0.08779999999999999,444,723,Active,No,900
L00439,C13501,Personal Loan,36000,0.1367,832,631,Active,No,17000
L00440,C20455,Home Loan,175000,0.07,1164,717,Active,No,156700
L00441,C09663,Home Loan,450000,0.05400000000000001,2737,850,Closed,No,0
L00442,C16965,Personal Loan,13000,0.1296,438,635,Defaulted,Yes,12200
L00443,C15126,Personal Loan,29000,0.1201,764,670,Active,No,7700
L00444,C08131,Car Loan,60000,0.0958,1510,625,Active,Yes,27200
L00445,C19532,Personal Loan,17000,0.1277,385,639,Active,No,6700
L00446,C20634,Home Loan,350000,0.0708,2730,655,Active,No,137700
L00447,C01680,Personal Loan,4000,0.1311,357,596,Active,No,1200
L00448,C03507,Business Loan,95000,0.115,1652,667,Active,No,77300
L00449,C13285,Home Loan,400000,0.0842,3199,694,Active,No,89300
L00450,C07254,Car Loan,22000,0.08839999999999999,546,655,Closed,No,0
L00451,C19129,Personal Loan,21000,0.1446,579,494,Active,No,14800
L00452,C09436,Car Loan,56000,0.1043,1818,676,Active,No,19600
L00453,C21573,Home Loan,250000,0.0765,2339,685,Active,No,22100
L00454,C11311,Business Loan,160000,0.08220000000000001,3261,850,Closed,No,0
L00455,C13297,Car Loan,58000,0.08960000000000001,1843,692,Active,No,18100
L00456,C18526,Education Loan,10000,0.0706,240,769,Active,No,3300
L00457,C13246,Home Loan,325000,0.0755,2284,653,Closed,No,0
L00458,C11152,Car Loan,56000,0.0738,1351,800,Active,No,32300
L00459,C10458,Car Loan,30000,0.1034,766,609,Active,No,23400
L00460,C02480,Personal Loan,10000,0.1144,261,732,Closed,No,0
L00461,C04453,Personal Loan,10000,0.1059,882,761,Closed,No,0
L00462,C05882,Car Loan,38000,0.0872,1203,748,Closed,No,0
L00463,C14070,Home Loan,175000,0.0459,1347,850,Closed,No,0
L00464,C02850,Car Loan,16000,0.1022,342,640,Active,No,8900
L00465,C07391,Home Loan,475000,0.0486,3098,810,Closed,No,0
L00466,C11923,Home Loan,350000,0.0602,2957,788,Active,No,120700
L00467,C02490,Car Loan,16000,0.083,393,694,Closed,No,0
L00468,C09824,Home Loan,400000,0.0529,2704,846,Active,No,293300
L00469,C09208,Business Loan,30000,0.1102,653,677,Active,No,8700
L00470,C09541,Education Loan,30000,0.0843,474,691,Active,No,9200
L00471,C16365,Car Loan,52000,0.0919,1084,689,Closed,No,0
L00472,C04612,Education Loan,50000,0.1073,1286,581,Closed,No,0
L00473,C19224,Education Loan,28000,0.0783,565,754,Closed,No,0
L00474,C05879,Home Loan,450000,0.0655,3053,741,Active,No,102600
L00475,C16348,Education Loan,32000,0.0812,783,681,Active,No,19500
L00476,C00852,Home Loan,275000,0.0529,2216,839,Closed,No,0
L00477,C18072,Personal Loan,20000,0.1225,1779,652,Active,No,11000
L00478,C06834,Personal Loan,27000,0.1355,732,542,Active,Yes,15900
L00479,C11939,Car Loan,56000,0.0658,1098,850,Active,No,31800
L00480,C02428,Home Loan,500000,0.0568,3490,775,Active,No,393800
L00481,C04001,Home Loan,450000,0.0673,3416,743,Active,No,43600
L00482,C05053,Car Loan,46000,0.0906,956,661,Closed,No,0
L00483,C02739,Personal Loan,10000,0.1166,469,719,Active,No,2600
L00484,C05388,Car Loan,30000,0.113,576,582,Active,No,2300
L00485,C08003,Car Loan,56000,0.0966,1180,670,Active,No,2900
L00486,C05537,Home Loan,225000,0.0809,1895,613,Active,No,98100
L00487,C13480,Home Loan,275000,0.07139999999999999,2493,712,Active,No,18900
L00488,C03914,Car Loan,34000,0.0809,691,768,Active,No,25000
L00489,C17451,Personal Loan,5000,0.1289,237,600,Closed,No,0
L00490,C20765,Home Loan,300000,0.0599,2148,751,Closed,No,0
L00491,C10637,Home Loan,375000,0.0728,2718,706,Active,No,37600
L00492,C20492,Home Loan,350000,0.0641,2344,748,Closed,No,0
L00493,C05727,Home Loan,425000,0.0855,3283,669,Closed,No,0
L00494,C03374,Personal Loan,35000,0.1128,1636,749,Active,No,28600
L00495,C12162,Car Loan,34000,0.0947,1089,630,Closed,No,0
L00496,C02083,Personal Loan,28000,0.143,961,547,Active,No,1500
L00497,C16282,Education Loan,10000,0.1066,257,566,Active,No,4700
L00498,C15306,Home Loan,100000,0.0916,910,647,Closed,No,0
L00499,C09818,Personal Loan,14000,0.1401,1257,552,Active,No,7900
L00500,C11262,Car Loan,62000,0.0673,1049,821,Active,No,40800
L00501,C00418,Car Loan,38000,0.0876,680,682,Closed,No,0
L00502,C08809,Car Loan,20000,0.0789,404,768,Closed,No,0
L00503,C20359,Car Loan,50000,0.08039999999999999,1015,756,Active,No,25100
L00504,C03268,Car Loan,42000,0.09609999999999999,1348,690,Active,No,26200
L00505,C17210,Home Loan,500000,0.0517,3347,850,Active,No,429100
L00506,C05746,Car Loan,18000,0.0675,554,850,Active,No,11200
L00507,C11339,Car Loan,30000,0.0727,515,808,Closed,No,0
L00508,C00413,Business Loan,195000,0.1207,3450,613,Active,Yes,179800
L00509,C07544,Car Loan,22000,0.0793,536,811,Active,No,5400
L00510,C07588,Car Loan,38000,0.1102,1244,541,Defaulted,Yes,16500
L00511,C00729,Personal Loan,40000,0.0901,3498,808,Active,No,26600
L00512,C11658,Education Loan,18000,0.1182,256,472,Active,No,13100
L00513,C05989,Business Loan,135000,0.1096,2933,662,Closed,No,0
L00514,C18889,Car Loan,46000,0.0774,1436,792,Active,No,25600
L00515,C02968,Car Loan,64000,0.07690000000000001,1112,722,Active,No,26800
L00516,C14528,Home Loan,375000,0.09880000000000001,3589,564,Active,No,27600
L00517,C19171,Car Loan,12000,0.0796,376,704,Active,No,10000
L00518,C16049,Car Loan,14000,0.0821,343,722,Active,No,10700
L00519,C17507,Car Loan,34000,0.0888,1079,707,Active,No,5100
L00520,C20464,Home Loan,225000,0.07730000000000001,1609,655,Active,No,51700
L00521,C17956,Car Loan,64000,0.0746,1281,762,Active,No,37400
L00522,C05074,Home Loan,325000,0.059,2725,787,Active,No,130900
L00523,C05105,Car Loan,46000,0.0888,826,676,Closed,No,0
L00524,C02144,Home Loan,500000,0.051,2952,819,Active,No,327600
L00525,C07358,Car Loan,60000,0.095,1507,676,Closed,No,0
L00526,C12044,Home Loan,375000,0.0836,3662,648,Active,No,316000
L00527,C03441,Home Loan,500000,0.051,2715,805,Active,No,363700
L00528,C20151,Car Loan,56000,0.05860000000000001,1700,802,Closed,No,0
L00529,C05645,Home Loan,475000,0.0814,4578,637,Active,No,398000
L00530,C10519,Car Loan,64000,0.09849999999999999,1181,624,Active,Yes,29800
L00531,C14553,Business Loan,200000,0.08869999999999999,9125,839,Active,No,77400
L00532,C02915,Business Loan,25000,0.1146,1171,681,Active,No,17500
L00533,C21353,Home Loan,125000,0.0815,1205,690,Closed,No,0
L00534,C13585,Education Loan,38000,0.0797,927,668,Active,No,14600
L00535,C12145,Personal Loan,34000,0.1022,2993,802,Active,No,2100
L00536,C14398,Business Loan,140000,0.0902,6397,850,Active,No,108200
L00537,C08788,Car Loan,26000,0.0796,527,695,Active,No,22200
L00538,C14192,Home Loan,225000,0.0488,1470,850,Active,No,175900
L00539,C00729,Personal Loan,17000,0.1282,455,642,Active,No,3900
L00540,C17750,Home Loan,350000,0.07440000000000001,2807,665,Closed,No,0
L00541,C20877,Car Loan,18000,0.0828,318,747,Active,No,1000
L00542,C00699,Personal Loan,30000,0.1212,998,620,Active,No,14100
L00543,C07187,Car Loan,24000,0.0693,574,746,Active,No,8900
L00544,C14513,Car Loan,16000,0.1019,518,645,Active,No,10300
L00545,C13924,Business Loan,45000,0.1352,1528,558,Closed,No,0
L00546,C16780,Business Loan,225000,0.1402,4219,541,Closed,No,0
L00547,C07401,Personal Loan,35000,0.1244,1170,662,Closed,No,0
L00548,C04172,Car Loan,34000,0.0909,707,725,Active,No,19800
L00549,C04361,Education Loan,54000,0.1031,723,574,Defaulted,Yes,38600
L00550,C02503,Education Loan,68000,0.06480000000000001,771,705,Active,No,20200
L00551,C17102,Home Loan,275000,0.0726,2175,705,Active,No,22800
L00552,C19167,Home Loan,450000,0.0799,3299,675,Active,No,113200
L00553,C21331,Home Loan,475000,0.079,4512,611,Closed,No,0
L00554,C05487,Personal Loan,31000,0.1205,690,710,Active,No,15800
L00555,C08336,Home Loan,500000,0.07400000000000001,3997,677,Active,No,223700
L00556,C21365,Personal Loan,40000,0.1016,1849,773,Active,No,21900
L00557,C04492,Car Loan,24000,0.1137,625,580,Active,No,20100
L00558,C11131,Personal Loan,39000,0.1154,3457,699,Closed,No,0
L00559,C21973,Car Loan,40000,0.1056,861,581,Active,No,3200
L00560,C07652,Home Loan,300000,0.08199999999999999,2902,669,Active,No,52300
L00561,C20021,Education Loan,70000,0.1011,929,596,Active,Yes,36400
L00562,C01168,Business Loan,160000,0.1186,5304,612,Active,No,22100
L00563,C01063,Car Loan,62000,0.0891,1115,689,Closed,No,0
L00564,C18541,Education Loan,44000,0.0941,717,641,Closed,No,0
L00565,C21546,Home Loan,425000,0.0545,2400,814,Closed,No,0
L00566,C21690,Car Loan,52000,0.0699,1029,790,Active,No,36500
L00567,C11175,Home Loan,200000,0.07139999999999999,1567,758,Closed,No,0
L00568,C04730,Personal Loan,38000,0.1008,809,756,Active,No,26200
L00569,C09349,Home Loan,300000,0.0709,2712,701,Closed,No,0
L00570,C05335,Personal Loan,32000,0.0949,804,800,Active,No,1900
L00571,C08925,Home Loan,125000,0.0745,1155,665,Active,No,34800
L00572,C04331,Car Loan,54000,0.0654,1058,850,Active,No,3900
L00573,C06802,Personal Loan,7000,0.1273,187,609,Active,Yes,3400
L00574,C04847,Education Loan,22000,0.0958,360,594,Active,No,16300
L00575,C06732,Car Loan,56000,0.1011,1423,571,Active,No,47500
L00576,C15369,Home Loan,475000,0.092,4874,586,Active,No,203700
L00577,C17338,Home Loan,425000,0.0885,4273,551,Active,No,234400
L00578,C02540,Education Loan,18000,0.0868,445,708,Closed,No,0
L00579,C07057,Personal Loan,12000,0.1092,310,762,Active,No,5700
L00580,C11517,Personal Loan,14000,0.1238,468,692,Active,No,2700
L00581,C11494,Car Loan,22000,0.1085,417,572,Active,No,19000
L00582,C01543,Home Loan,425000,0.0784,3235,650,Closed,No,0
L00583,C21678,Home Loan,450000,0.0605,3237,761,Active,No,216300
L00584,C13965,Personal Loan,28000,0.1217,2490,660,Active,No,16700
L00585,C17576,Home Loan,450000,0.0928,3712,622,Active,No,184300
L00586,C06314,Home Loan,200000,0.1006,1764,561,Active,No,39500
L00587,C19066,Home Loan,200000,0.0818,1493,654,Closed,No,0
L00588,C17925,Home Loan,400000,0.0771,3274,630,Active,No,114900
L00589,C21926,Home Loan,500000,0.07339999999999999,3643,682,Active,No,129600
L00590,C13808,Business Loan,100000,0.1072,4648,730,Closed,No,0
L00591,C09581,Personal Loan,25000,0.1217,1179,665,Active,Yes,16000
L00592,C17750,Car Loan,36000,0.0793,729,705,Active,No,19900
L00593,C08692,Home Loan,500000,0.0694,3306,730,Active,No,269300
L00594,C07495,Home Loan,100000,0.0819,848,585,Closed,No,0
L00595,C04313,Education Loan,80000,0.0518,856,850,Active,No,12000
L00596,C01325,Car Loan,58000,0.0989,1869,626,Active,No,37800
L00597,C03142,Home Loan,400000,0.0684,2786,733,Closed,No,0
L00598,C19871,Personal Loan,40000,0.1329,916,593,Active,No,34900
L00599,C01811,Personal Loan,13000,0.1174,287,699,Active,No,9700
L00600,C06589,Education Loan,62000,0.08310000000000001,762,702,Closed,No,0
L00601,C19308,Home Loan,150000,0.0453,763,831,Closed,No,0
L00602,C05302,Personal Loan,39000,0.1344,1055,670,Active,No,19300
L00603,C20571,Car Loan,50000,0.08130000000000001,1017,800,Closed,No,0
L00604,C15486,Business Loan,170000,0.1018,7859,714,Active,No,118300
L00605,C11715,Education Loan,72000,0.06570000000000001,1411,847,Closed,No,0
L00606,C20653,Home Loan,100000,0.1026,1091,538,Closed,No,0
L00607,C04749,Car Loan,54000,0.09359999999999999,1726,730,Active,No,31900
L00608,C21234,Car Loan,42000,0.1219,938,462,Closed,No,0
L00609,C09436,Car Loan,28000,0.0821,686,685,Closed,No,0
L00610,C03710,Education Loan,48000,0.0728,957,776,Active,No,41800
L00611,C13117,Business Loan,115000,0.0917,2397,812,Closed,No,0
L00612,C09577,Home Loan,500000,0.06269999999999999,3305,752,Closed,No,0
L00613,C10151,Home Loan,125000,0.0824,1064,665,Active,No,102000
L00614,C19457,Car Loan,40000,0.0874,990,736,Active,No,2900
L00615,C06531,Home Loan,150000,0.0553,855,850,Active,No,25300
L00616,C10189,Home Loan,300000,0.0708,2136,696,Closed,No,0
L00617,C14684,Personal Loan,17000,0.1079,1501,771,Closed,No,0
L00618,C00505,Education Loan,18000,0.0924,292,653,Active,No,10000
L00619,C01215,Home Loan,400000,0.0666,2571,780,Closed,No,0
L00620,C01532,Car Loan,18000,0.0794,564,767,Active,No,5800
L00621,C00824,Home Loan,475000,0.0852,4683,638,Closed,No,0
L00622,C17313,Home Loan,400000,0.0673,3037,756,Active,No,293600
L00623,C05030,Personal Loan,19000,0.1122,1681,760,Active,No,12900
L00624,C13429,Home Loan,100000,0.0642,741,752,Active,No,68600
L00625,C16518,Education Loan,34000,0.0802,690,686,Closed,No,0
L00626,C02106,Education Loan,46000,0.0726,700,794,Active,No,19600
L00627,C03628,Car Loan,44000,0.1105,1442,610,Closed,No,0
L00628,C12973,Home Loan,325000,0.0758,2634,690,Active,No,199200
L00629,C01853,Personal Loan,40000,0.1178,3550,699,Closed,No,0
L00630,C04911,Home Loan,300000,0.06860000000000001,2673,789,Closed,No,0
L00631,C20560,Home Loan,325000,0.0796,2376,607,Active,No,199700
L00632,C11004,Personal Loan,21000,0.1196,553,710,Active,No,6700
L00633,C21733,Car Loan,58000,0.0922,1210,648,Active,No,37800
L00634,C13844,Home Loan,350000,0.0674,2416,699,Active,No,144100
L00635,C11705,Home Loan,325000,0.0684,2892,723,Active,No,265300
L00636,C15762,Business Loan,165000,0.1214,5491,581,Active,No,89100
L00637,C06191,Personal Loan,13000,0.09269999999999999,272,797,Active,No,5700
L00638,C17641,Business Loan,35000,0.1011,1131,726,Active,No,3000
L00639,C19761,Business Loan,110000,0.12,2447,617,Active,No,94200
L00640,C05646,Personal Loan,18000,0.1132,842,660,Active,No,1900
L00641,C19871,Home Loan,425000,0.0547,2602,817,Closed,No,0
L00642,C19969,Car Loan,52000,0.08220000000000001,917,725,Closed,No,0
L00643,C09589,Home Loan,300000,0.0863,2628,607,Active,No,123000
L00644,C11830,Home Loan,475000,0.0943,3970,623,Active,No,340100
L00645,C08054,Car Loan,42000,0.0784,1022,743,Active,No,6700
L00646,C03331,Personal Loan,3000,0.106,77,753,Active,No,2400
L00647,C19088,Home Loan,475000,0.06860000000000001,3643,720,Active,No,35200
L00648,C08663,Car Loan,36000,0.0993,1160,665,Active,No,21200
L00649,C07115,Car Loan,36000,0.07919999999999999,1127,758,Active,No,32000
L00650,C13324,Home Loan,500000,0.069,3847,663,Active,No,313300
L00651,C01354,Home Loan,500000,0.0861,3884,617,Active,No,158000
L00652,C10976,Home Loan,250000,0.0623,1646,824,Active,No,15800
L00653,C11024,Personal Loan,11000,0.1098,239,731,Active,No,5700
L00654,C21448,Car Loan,54000,0.1036,1379,623,Closed,No,0
L00655,C00668,Car Loan,34000,0.09359999999999999,712,701,Active,No,7600
L00656,C20853,Car Loan,32000,0.0929,581,692,Active,No,13300
L00657,C09338,Home Loan,175000,0.0795,1458,660,Active,No,149700
L00658,C13660,Home Loan,275000,0.077,1961,709,Closed,No,0
L00659,C03720,Home Loan,325000,0.09,2727,611,Closed,No,0
L00660,C19130,Home Loan,125000,0.0709,1130,764,Closed,No,0
L00661,C07484,Home Loan,475000,0.0701,4272,689,Closed,No,0
L00662,C00540,Personal Loan,25000,0.1345,676,553,Active,No,3700
L00663,C04965,Home Loan,375000,0.08130000000000001,3612,670,Active,No,57700
L00664,C04836,Car Loan,48000,0.08800000000000001,860,637,Active,No,3800
L00665,C20160,Car Loan,32000,0.1306,1079,435,Active,No,25900
L00666,C06043,Personal Loan,17000,0.1142,560,676,Active,No,13000
L00667,C14838,Home Loan,200000,0.0561,1388,778,Closed,No,0
L00668,C07313,Education Loan,46000,0.0886,579,680,Active,No,26800
L00669,C05321,Business Loan,245000,0.1007,11313,750,Closed,No,0
L00670,C13217,Home Loan,350000,0.0793,3331,690,Active,No,314800
L00671,C02780,Car Loan,50000,0.0922,907,651,Closed,No,0
L00672,C17309,Education Loan,58000,0.09140000000000001,1447,627,Closed,No,0
L00673,C01582,Personal Loan,24000,0.1424,823,580,Active,No,4700
L00674,C19709,Home Loan,100000,0.0573,582,768,Active,No,64000
L00675,C12678,Personal Loan,9000,0.1188,236,752,Active,No,2200
L00676,C05714,Personal Loan,38000,0.13,1019,666,Active,No,11300
L00677,C16640,Personal Loan,14000,0.1512,390,517,Active,No,3700
L00678,C04805,Business Loan,210000,0.1058,6833,730,Active,No,107000
L00679,C18223,Car Loan,48000,0.0981,1545,613,Active,No,20700
L00680,C10137,Home Loan,200000,0.07519999999999999,1481,702,Closed,No,0
L00681,C00010,Personal Loan,38000,0.1385,1036,558,Active,No,11200
L00682,C19256,Car Loan,16000,0.0929,291,697,Active,No,4000
L00683,C05125,Home Loan,150000,0.0791,1091,678,Active,No,30200
L00684,C01016,Personal Loan,39000,0.1388,1331,485,Active,No,21200
L00685,C02194,Business Loan,145000,0.08529999999999999,2977,827,Active,No,27500
L00686,C08416,Personal Loan,10000,0.1212,471,662,Active,No,2900
L00687,C13551,Home Loan,275000,0.08349999999999999,2684,667,Active,No,18900
L00688,C14513,Home Loan,100000,0.0681,695,735,Closed,No,0
L00689,C04159,Personal Loan,20000,0.1216,666,685,Closed,No,0
L00690,C20310,Personal Loan,27000,0.1188,1269,720,Closed,No,0
L00691,C06971,Home Loan,200000,0.0898,1606,592,Closed,No,0
L00692,C06939,Car Loan,16000,0.08470000000000001,394,677,Active,No,11300
L00693,C21169,Home Loan,325000,0.1024,2910,527,Closed,No,0
L00694,C13773,Home Loan,100000,0.0799,955,669,Active,No,51900
L00695,C20385,Personal Loan,40000,0.0962,1284,812,Active,No,34500
L00696,C18018,Home Loan,275000,0.0855,2224,561,Closed,No,0
L00697,C10345,Education Loan,14000,0.0943,294,660,Active,No,10900
L00698,C07267,Home Loan,475000,0.1015,4367,509,Active,Yes,231800
L00699,C08703,Car Loan,54000,0.0805,1320,690,Active,No,29700
L00700,C00385,Personal Loan,37000,0.1164,816,729,Active,No,6000
L00701,C00405,Personal Loan,21000,0.1103,979,722,Closed,No,0
L00702,C08176,Car Loan,36000,0.09140000000000001,750,638,Active,No,4200
L00703,C15159,Personal Loan,16000,0.1405,547,507,Active,Yes,13100
L00704,C12764,Car Loan,30000,0.1007,762,584,Active,No,18400
L00705,C18385,Personal Loan,6000,0.09789999999999999,127,796,Closed,No,0
L00706,C09861,Personal Loan,25000,0.1155,653,764,Active,No,4900
L00707,C05990,Car Loan,46000,0.0969,1478,682,Active,No,26900
L00708,C15107,Car Loan,40000,0.07629999999999999,804,703,Closed,No,0
L00709,C17845,Car Loan,56000,0.0974,1800,602,Active,No,18700
L00710,C03637,Car Loan,46000,0.079,804,799,Active,No,35400
L00711,C10917,Business Loan,30000,0.1112,1400,628,Closed,No,0
L00712,C04810,Personal Loan,18000,0.1133,842,727,Closed,No,0
L00713,C20563,Personal Loan,32000,0.1351,2866,577,Active,No,10300
L00714,C13457,Home Loan,500000,0.07519999999999999,3701,674,Active,No,130700
L00715,C15445,Personal Loan,7000,0.1068,228,796,Closed,No,0
L00716,C05998,Personal Loan,23000,0.1262,519,609,Active,No,3100
L00717,C02049,Education Loan,66000,0.077,1602,753,Active,No,18100
L00718,C12339,Personal Loan,22000,0.1365,597,598,Active,No,12500
L00719,C21165,Car Loan,20000,0.0993,645,613,Active,No,6300
L00720,C17101,Home Loan,300000,0.08310000000000001,2568,689,Closed,No,0
L00721,C21950,Personal Loan,19000,0.1018,405,772,Active,No,1300
L00722,C04545,Business Loan,155000,0.1124,3389,664,Active,No,83400
L00723,C04977,Home Loan,375000,0.06509999999999999,2798,742,Active,No,88900
L00724,C12776,Home Loan,375000,0.059,2393,787,Active,No,44400
L00725,C10016,Personal Loan,21000,0.1245,472,624,Active,No,4300
L00726,C03420,Car Loan,40000,0.104,858,560,Closed,No,0
L00727,C14431,Personal Loan,19000,0.1178,421,659,Active,No,17100
L00728,C07240,Personal Loan,20000,0.1036,1762,798,Closed,No,0
L00729,C14490,Car Loan,28000,0.1005,596,620,Active,No,22200
L00730,C16634,Home Loan,425000,0.0566,2962,776,Active,No,266500
L00731,C10358,Car Loan,32000,0.0877,793,667,Closed,No,0
L00732,C17155,Home Loan,300000,0.0459,2309,839,Closed,No,0
L00733,C04364,Personal Loan,19000,0.1036,485,850,Active,No,10100
L00734,C10177,Car Loan,60000,0.0767,1455,777,Active,No,6100
L00735,C17462,Education Loan,70000,0.1021,1170,550,Closed,No,0
L00736,C08428,Car Loan,12000,0.1203,399,485,Active,No,5400
L00737,C08581,Car Loan,60000,0.0803,1053,695,Active,No,49900
L00738,C04859,Personal Loan,4000,0.1119,131,767,Active,No,800
L00739,C10041,Home Loan,475000,0.0702,4275,732,Active,No,304400
L00740,C21104,Home Loan,250000,0.0901,2251,628,Active,No,120900
L00741,C19199,Education Loan,60000,0.1042,807,563,Active,No,39400
L00742,C19759,Education Loan,78000,0.0774,936,769,Active,No,42500
L00743,C15255,Business Loan,180000,0.0971,3799,847,Active,No,144100
L00744,C11471,Home Loan,425000,0.08130000000000001,3589,633,Active,No,72000
L00745,C01253,Personal Loan,17000,0.1026,433,760,Active,No,8600
L00746,C06997,Car Loan,58000,0.0585,1358,850,Active,No,49000
L00747,C12174,Car Loan,60000,0.0974,1514,673,Active,No,42700
L00748,C04674,Car Loan,52000,0.0916,1657,675,Active,No,44300
L00749,C20915,Car Loan,38000,0.0806,1192,737,Active,No,12800
L00750,C15782,Personal Loan,20000,0.1216,943,665,Active,No,16600
L00751,C13052,Home Loan,350000,0.0653,2219,803,Closed,No,0
L00752,C06882,Home Loan,475000,0.0727,3247,655,Closed,No,0
L00753,C06950,Home Loan,200000,0.0751,1855,687,Active,No,89000
L00754,C09522,Personal Loan,13000,0.1382,443,567,Active,No,4100
L00755,C08018,Home Loan,275000,0.07339999999999999,1893,669,Active,No,138200
L00756,C06942,Home Loan,125000,0.09140000000000001,1061,604,Active,No,16900
L00757,C10210,Car Loan,48000,0.07980000000000001,1504,719,Active,No,38400
L00758,C17716,Education Loan,74000,0.1086,1908,548,Active,Yes,60400
L00759,C20646,Education Loan,48000,0.0765,740,773,Active,No,24100
L00760,C09551,Home Loan,500000,0.0774,4102,615,Active,No,369500
L00761,C21500,Home Loan,250000,0.0478,1948,841,Active,No,153400
L00762,C04638,Home Loan,325000,0.0476,1855,806,Active,No,111300
L00763,C04855,Business Loan,250000,0.09230000000000001,11448,735,Active,No,91600
L00764,C19562,Personal Loan,8000,0.1351,217,559,Closed,No,0
L00765,C10321,Home Loan,250000,0.08869999999999999,2076,636,Active,No,178900
L00766,C18565,Education Loan,42000,0.1031,1071,613,Active,No,10700
L00767,C04893,Personal Loan,29000,0.1293,777,624,Active,No,3800
L00768,C07044,Education Loan,48000,0.0725,564,824,Active,No,29000
L00769,C16522,Home Loan,275000,0.0757,2227,677,Active,No,135800
L00770,C19857,Personal Loan,22000,0.1258,737,634,Active,No,12600
L00771,C21834,Personal Loan,4000,0.1234,134,626,Closed,No,0
L00772,C19217,Education Loan,42000,0.0911,535,644,Active,No,19900
L00773,C19964,Education Loan,54000,0.073,635,735,Closed,No,0
L00774,C04165,Personal Loan,12000,0.136,574,551,Active,Yes,11200
L00775,C07942,Home Loan,500000,0.0699,4491,698,Active,No,116600
L00776,C14389,Personal Loan,20000,0.1179,1775,726,Active,No,4900
L00777,C05570,Business Loan,240000,0.1271,4328,542,Active,No,170200
L00778,C04301,Car Loan,18000,0.1065,462,569,Active,No,4900
L00779,C06270,Car Loan,22000,0.0737,439,685,Active,No,17200
L00780,C03819,Personal Loan,5000,0.08560000000000001,436,812,Active,No,600
L00781,C12016,Personal Loan,14000,0.1122,1239,792,Closed,No,0
L00782,C12235,Personal Loan,30000,0.1092,651,638,Closed,No,0
L00783,C18291,Car Loan,26000,0.0748,449,809,Active,No,4500
L00784,C06255,Education Loan,58000,0.0852,1191,662,Closed,No,0
L00785,C17145,Personal Loan,27000,0.1195,710,662,Active,No,14800
L00786,C07351,Personal Loan,4000,0.1168,188,697,Active,No,1800
L00787,C15184,Home Loan,500000,0.06509999999999999,3731,761,Active,No,179200
L00788,C06239,Home Loan,125000,0.0731,908,638,Closed,No,0
L00789,C06091,Business Loan,180000,0.1147,3127,656,Active,No,73500
L00790,C11638,Home Loan,450000,0.0882,4516,583,Active,No,285300
L00791,C12648,Education Loan,12000,0.0824,245,719,Active,No,1000
L00792,C09912,Car Loan,12000,0.0748,240,769,Active,No,8700
L00793,C08473,Car Loan,16000,0.0808,391,774,Active,No,12700
L00794,C18272,Business Loan,245000,0.1333,11686,573,Defaulted,Yes,220500
L00795,C03267,Car Loan,56000,0.09699999999999999,1182,657,Active,No,39600
L00796,C00667,Education Loan,80000,0.07400000000000001,1223,795,Active,No,15600
L00797,C04189,Home Loan,475000,0.0699,3680,709,Active,No,44100
L00798,C17056,Car Loan,50000,0.08539999999999999,890,692,Closed,No,0
L00799,C10162,Car Loan,58000,0.0796,1816,690,Active,No,39700
L00800,C11315,Home Loan,500000,0.0694,3306,736,Active,No,240400
L00801,C21509,Car Loan,30000,0.0917,543,714,Closed,No,0
L00802,C21970,Car Loan,52000,0.09910000000000001,961,641,Active,No,12700
L00803,C12892,Education Loan,38000,0.0719,445,764,Active,No,28600
L00804,C04778,Home Loan,225000,0.08779999999999999,2253,587,Active,No,103300
L00805,C03901,Car Loan,40000,0.0665,675,802,Active,No,27600
L00806,C13717,Home Loan,500000,0.0716,3925,613,Active,No,399400
L00807,C06982,Car Loan,26000,0.0876,644,736,Active,No,9500
L00808,C06377,Personal Loan,23000,0.1133,598,675,Active,No,15800
L00809,C16908,Personal Loan,4000,0.1163,88,649,Closed,No,0
L00810,C18778,Personal Loan,22000,0.1047,1939,805,Closed,No,0
L00811,C18978,Home Loan,350000,0.0592,2238,753,Active,No,299800
L00812,C10161,Home Loan,325000,0.0797,2378,684,Closed,No,0
L00813,C14125,Home Loan,300000,0.0509,1627,838,Active,No,98600
L00814,C16283,Car Loan,12000,0.0641,284,773,Active,No,2700
L00815,C10489,Education Loan,10000,0.0916,208,621,Closed,No,0
L00816,C05241,Home Loan,375000,0.101,4053,497,Active,No,174000
L00817,C10454,Home Loan,225000,0.0764,1683,699,Active,No,153900
L00818,C10479,Personal Loan,15000,0.1016,382,807,Active,No,11600
L00819,C12395,Car Loan,40000,0.0739,689,741,Closed,No,0
L00820,C19263,Home Loan,375000,0.049,2946,823,Active,No,323700
L00821,C20528,Home Loan,500000,0.0768,4083,639,Closed,No,0
L00822,C20029,Home Loan,425000,0.0808,4081,680,Closed,No,0
L00823,C04433,Personal Loan,17000,0.1173,798,682,Active,No,11600
L00824,C13569,Home Loan,200000,0.0587,1674,710,Closed,No,0
L00825,C14179,Personal Loan,10000,0.1026,255,755,Closed,No,0
L00826,C17661,Car Loan,38000,0.0701,1174,828,Active,No,27800
L00827,C00303,Car Loan,18000,0.0674,554,846,Active,No,9900
L00828,C17023,Home Loan,100000,0.055,688,831,Active,No,74500
L00829,C00056,Car Loan,60000,0.0716,1857,746,Active,No,33800
L00830,C13014,Personal Loan,11000,0.1184,517,660,Active,No,3300
L00831,C08718,Business Loan,75000,0.1128,1295,709,Active,No,50300
L00832,C08151,Home Loan,225000,0.0644,1953,745,Active,No,51900
L00833,C02126,Car Loan,24000,0.09,763,701,Closed,No,0
L00834,C11480,Car Loan,40000,0.0971,735,612,Closed,No,0
L00835,C15746,Home Loan,500000,0.0708,4517,650,Active,No,420700
L00836,C16749,Business Loan,250000,0.1001,4152,763,Active,No,57100
L00837,C06810,Personal Loan,9000,0.1287,204,669,Closed,No,0
L00838,C04622,Car Loan,12000,0.08800000000000001,215,692,Closed,No,0
L00839,C15035,Home Loan,400000,0.0858,3958,683,Active,No,95500
L00840,C13624,Home Loan,225000,0.0873,2246,614,Active,No,177600
L00841,C05127,Personal Loan,5000,0.1291,446,675,Active,No,3300
L00842,C05123,Home Loan,425000,0.08220000000000001,3342,651,Active,No,378200
L00843,C18031,Personal Loan,3000,0.1299,143,631,Closed,No,0
L00844,C17303,Personal Loan,12000,0.1322,1073,600,Active,No,7400
L00845,C19182,Car Loan,46000,0.08869999999999999,1460,681,Active,No,18900
L00846,C05871,Personal Loan,11000,0.1074,359,742,Active,No,8200
L00847,C01532,Home Loan,450000,0.0688,3146,785,Closed,No,0
L00848,C08173,Car Loan,60000,0.1196,1579,571,Closed,No,0
L00849,C19730,Personal Loan,38000,0.1,964,826,Active,No,19200
L00850,C07674,Home Loan,125000,0.071,1131,714,Active,No,41300
L00851,C06883,Home Loan,175000,0.08449999999999999,1718,594,Active,No,42100
L00852,C01907,Home Loan,475000,0.083,4622,655,Active,No,49100
L00853,C03087,Home Loan,500000,0.09480000000000001,4654,530,Defaulted,Yes,451000
L00854,C13504,Business Loan,120000,0.1225,2134,552,Active,No,71100
L00855,C08153,Personal Loan,7000,0.0894,222,836,Active,No,4000
L00856,C05751,Home Loan,375000,0.084,3231,630,Closed,No,0
L00857,C12773,Home Loan,450000,0.07200000000000001,3543,735,Closed,No,0
L00858,C10268,Home Loan,275000,0.07780000000000001,2083,680,Active,No,50700
L00859,C01063,Personal Loan,30000,0.1118,2654,691,Closed,No,0
L00860,C18361,Home Loan,225000,0.0673,1989,721,Active,No,165100
L00861,C17681,Personal Loan,24000,0.1469,828,512,Defaulted,Yes,21000
L00862,C06230,Personal Loan,38000,0.1006,3342,802,Closed,No,0
L00863,C16510,Education Loan,74000,0.08259999999999999,1510,681,Active,No,23200
L00864,C15148,Home Loan,175000,0.0837,1330,647,Closed,No,0
L00865,C04633,Personal Loan,40000,0.1102,1865,729,Closed,No,0
L00866,C06289,Car Loan,42000,0.0999,1355,628,Active,No,3300
L00867,C03597,Personal Loan,17000,0.1171,562,707,Active,No,11200
L00868,C11476,Car Loan,12000,0.09380000000000001,219,675,Active,No,4500
L00869,C06169,Car Loan,46000,0.07919999999999999,805,750,Active,No,3200
L00870,C09796,Personal Loan,13000,0.1265,293,671,Closed,No,0
L00871,C07562,Personal Loan,5000,0.1235,167,602,Active,No,1300
L00872,C08259,Business Loan,195000,0.1063,9055,720,Active,No,47700
L00873,C16617,Car Loan,36000,0.09269999999999999,752,666,Active,No,31200
L00874,C06372,Business Loan,55000,0.1313,1004,535,Active,Yes,47000
L00875,C20591,Home Loan,225000,0.0723,2051,706,Active,No,133300
L00876,C14370,Personal Loan,9000,0.1296,428,644,Active,No,6800
L00877,C12911,Business Loan,175000,0.103,2932,719,Active,No,91000
L00878,C07944,Home Loan,425000,0.086,3715,617,Active,No,59400
L00879,C12200,Business Loan,245000,0.1221,8162,587,Closed,No,0
L00880,C15729,Home Loan,300000,0.0563,2472,790,Active,No,197600
L00881,C06739,Business Loan,70000,0.0968,1151,761,Active,No,11800
L00882,C15914,Personal Loan,23000,0.1295,774,689,Active,No,7400
L00883,C02473,Home Loan,175000,0.066,1118,727,Closed,No,0
L00884,C19124,Education Loan,46000,0.0768,710,758,Active,No,4800
L00885,C21786,Home Loan,400000,0.084,3194,689,Active,No,160900
L00886,C15680,Home Loan,125000,0.0906,1272,587,Active,No,57300
L00887,C01762,Home Loan,225000,0.0624,1483,715,Active,No,67800
L00888,C10168,Car Loan,58000,0.0796,1016,775,Closed,No,0
L00889,C10555,Business Loan,45000,0.09570000000000001,1443,740,Active,No,32800
L00890,C17261,Home Loan,475000,0.068,3097,695,Active,No,30200
L00891,C14278,Personal Loan,38000,0.1074,3354,738,Active,No,3700
L00892,C03813,Home Loan,350000,0.076,2471,671,Active,No,32600
L00893,C17845,Car Loan,48000,0.081,976,778,Closed,No,0
L00894,C18118,Home Loan,450000,0.0643,3903,804,Active,No,168800
L00895,C01606,Home Loan,275000,0.0906,2799,579,Active,No,207200
L00896,C05623,Home Loan,425000,0.0676,2939,784,Closed,No,0
L00897,C06768,Personal Loan,9000,0.0964,227,850,Active,No,1200
L00898,C11614,Education Loan,40000,0.0687,955,734,Active,No,10600
L00899,C19902,Personal Loan,28000,0.1025,2465,773,Active,No,20800
L00900,C10590,Home Loan,350000,0.094,2917,634,Defaulted,Yes,195400
L00901,C13919,Personal Loan,32000,0.1252,1514,647,Active,No,25700
L00902,C20120,Car Loan,16000,0.092,510,672,Active,No,9300
L00903,C13047,Home Loan,400000,0.08220000000000001,3401,655,Closed,No,0
L00904,C02591,Home Loan,350000,0.09970000000000001,3371,578,Active,Yes,298600
L00905,C17448,Home Loan,450000,0.0753,3156,675,Active,No,52000
L00906,C04325,Car Loan,22000,0.0796,537,761,Closed,No,0
L00907,C10788,Personal Loan,34000,0.1413,1164,579,Active,No,17000
L00908,C09112,Personal Loan,12000,0.1171,1065,705,Closed,No,0
L00909,C05343,Home Loan,325000,0.0717,2952,702,Active,No,187400
L00910,C16390,Home Loan,200000,0.0764,1628,664,Active,Yes,162100
L00911,C08660,Business Loan,80000,0.09949999999999999,3690,732,Active,No,47700
L00912,C14044,Home Loan,500000,0.0733,3438,724,Active,No,321900
L00913,C08838,Business Loan,105000,0.1156,1829,658,Active,No,29700
L00914,C00118,Personal Loan,27000,0.1049,2380,780,Active,No,19000
L00915,C13918,Home Loan,425000,0.06559999999999999,2703,737,Active,No,207900
L00916,C18936,Personal Loan,19000,0.09630000000000001,610,823,Closed,No,0
L00917,C14310,Business Loan,95000,0.1096,4426,684,Active,No,81200
L00918,C13235,Personal Loan,8000,0.1227,712,662,Active,No,2500
L00919,C05561,Education Loan,40000,0.07919999999999999,484,672,Closed,No,0
L00920,C20674,Home Loan,325000,0.0579,2706,790,Closed,No,0
L00921,C00847,Personal Loan,7000,0.1244,157,677,Closed,No,0
L00922,C10955,Education Loan,30000,0.0836,473,682,Active,No,18600
L00923,C13704,Business Loan,150000,0.086,6825,850,Active,No,25300
L00924,C15386,Personal Loan,16000,0.1397,1436,575,Active,No,11800
L00925,C13747,Car Loan,44000,0.0833,1081,720,Closed,No,0
L00926,C06470,Home Loan,175000,0.0724,1193,684,Active,No,120000
L00927,C09334,Home Loan,500000,0.0808,3697,668,Defaulted,Yes,250700
L00928,C16609,Home Loan,325000,0.0906,2629,608,Active,No,189300
L00929,C12820,Home Loan,425000,0.0812,4091,633,Closed,No,0
L00930,C04209,Home Loan,125000,0.07139999999999999,1133,655,Active,No,93500
L00931,C06284,Home Loan,450000,0.062,2955,732,Active,Yes,355400
L00932,C02049,Business Loan,70000,0.0971,2249,762,Active,No,17000
L00933,C06234,Car Loan,12000,0.1121,230,538,Closed,No,0
L00934,C12942,Personal Loan,33000,0.1404,2964,587,Active,No,21800
L00935,C12608,Business Loan,245000,0.1088,8007,736,Closed,No,0
L00936,C09766,Home Loan,150000,0.0682,980,743,Active,No,79000
L00937,C01829,Personal Loan,16000,0.1283,759,565,Closed,No,0
L00938,C01918,Car Loan,12000,0.0806,211,764,Active,No,6000
L00939,C20619,Home Loan,175000,0.0731,1603,688,Active,No,18900
L00940,C06989,Car Loan,58000,0.08539999999999999,1191,753,Closed,No,0
L00941,C18411,Home Loan,400000,0.0894,3583,617,Active,No,68100
L00942,C14595,Home Loan,250000,0.09,2098,571,Closed,No,0
L00943,C20129,Home Loan,250000,0.07919999999999999,2079,663,Active,No,94600
L00944,C12978,Business Loan,150000,0.1143,7021,667,Active,No,46600
L00945,C00010,Car Loan,58000,0.0917,1849,662,Active,No,24000
L00946,C16645,Car Loan,24000,0.0983,607,656,Active,No,15700
L00947,C09866,Personal Loan,8000,0.0933,367,833,Closed,No,0
L00948,C02220,Home Loan,250000,0.1009,2700,545,Closed,No,0
L00949,C07042,Car Loan,24000,0.09519999999999999,769,618,Active,No,8600
L00950,C18445,Personal Loan,33000,0.1258,878,654,Closed,No,0
L00951,C05288,Home Loan,225000,0.0681,1468,692,Active,No,192100
L00952,C01620,Car Loan,60000,0.08310000000000001,1889,750,Active,No,53600
L00953,C08513,Home Loan,375000,0.0626,3217,763,Active,No,279800
L00954,C01343,Home Loan,175000,0.05429999999999999,986,781,Closed,No,0
L00955,C10569,Education Loan,70000,0.0851,1436,730,Active,No,11600
L00956,C19217,Car Loan,40000,0.1047,1300,542,Active,No,6600
L00957,C19209,Car Loan,62000,0.1054,1334,548,Active,No,46300
L00958,C18379,Personal Loan,29000,0.1111,951,787,Active,No,10900
L00959,C14232,Personal Loan,14000,0.1102,305,782,Closed,No,0
L00960,C03491,Car Loan,30000,0.07730000000000001,729,744,Active,No,7800
L00961,C09311,Car Loan,26000,0.102,484,620,Active,No,14100
L00962,C07985,Personal Loan,30000,0.1207,791,662,Defaulted,Yes,18400
L00963,C17989,Business Loan,100000,0.1159,3302,656,Active,No,22300
L00964,C12220,Business Loan,240000,0.1265,5418,602,Active,No,170000
L00965,C00236,Personal Loan,14000,0.1127,460,712,Closed,No,0
L00966,C10162,Education Loan,18000,0.0588,199,850,Closed,No,0
L00967,C01909,Personal Loan,9000,0.1216,424,647,Active,No,5600
L00968,C08568,Personal Loan,6000,0.1094,530,800,Active,No,2600
L00969,C03531,Home Loan,375000,0.0825,2957,614,Active,No,264900
L00970,C05257,Personal Loan,34000,0.1414,1635,559,Active,No,6200
L00971,C19020,Business Loan,60000,0.1007,1277,773,Active,No,29000
L00972,C08163,Car Loan,34000,0.09269999999999999,617,671,Closed,No,0
L00973,C18945,Car Loan,52000,0.0759,1259,798,Active,No,10700
L00974,C05416,Home Loan,250000,0.0585,1588,815,Active,No,71100
L00975,C03392,Personal Loan,22000,0.1288,1045,666,Active,No,18600
L00976,C11158,Home Loan,200000,0.06280000000000001,1235,804,Active,No,59800
L00977,C05952,Home Loan,150000,0.0765,1064,615,Active,No,74800
L00978,C21853,Personal Loan,16000,0.1273,537,614,Active,No,11200
L00979,C08008,Personal Loan,15000,0.11,491,781,Closed,No,0
L00980,C09065,Personal Loan,34000,0.1401,1633,558,Active,Yes,30400
L00981,C21205,Personal Loan,38000,0.1135,1777,689,Closed,No,0
L00982,C15525,Home Loan,350000,0.0539,2839,796,Active,No,312700
L00983,C19283,Home Loan,175000,0.055,1204,801,Active,No,114100
L00984,C00078,Education Loan,64000,0.09119999999999999,1332,653,Active,No,16700
L00985,C07578,Home Loan,100000,0.0682,695,775,Active,No,21600
L00986,C20612,Home Loan,450000,0.0906,4066,594,Closed,No,0
L00987,C16985,Education Loan,32000,0.1014,534,633,Active,No,8300
L00988,C14061,Business Loan,110000,0.1057,2368,709,Active,Yes,53100
L00989,C17450,Car Loan,14000,0.0802,284,722,Active,No,7700
L00990,C18521,Home Loan,300000,0.087,2642,600,Active,No,179700
L00991,C10536,Home Loan,150000,0.0567,936,848,Active,No,113800
L00992,C09511,Business Loan,165000,0.1306,3759,530,Active,Yes,69900
L00993,C06944,Education Loan,64000,0.08529999999999999,1578,694,Active,No,9400
L00994,C11955,Personal Loan,10000,0.1094,327,706,Closed,No,0
L00995,C07805,Home Loan,100000,0.08529999999999999,870,541,Active,Yes,58400
L00996,C06566,Home Loan,375000,0.0601,2418,802,Closed,No,0
L00997,C05985,Home Loan,175000,0.0907,1417,627,Closed,No,0
L00998,C21527,Car Loan,52000,0.0876,1073,698,Active,No,32700
L00999,C04671,Home Loan,475000,0.0737,3279,717,Closed,No,0
L01000,C18575,Business Loan,235000,0.1192,11053,566,Defaulted,Yes,212200
