transaction_id,customer_id,account_id,date,transaction_type,amount,merchant,payment_mode,status
T000001,C06022,A12934,2026-02-11,Debit,4418,MakeMyTrip,UPI,Success
T000002,C08795,A14436,2026-04-21,Debit,4503,Netflix,Bank Transfer,Success
T000003,C03627,A17992,2026-01-10,Debit,3113,Uber,Credit Card,Success
T000004,C02899,A18286,2026-07-15,Credit,81075,Bank Refund,Credit Card,Failed
T000005,C05836,A11983,2026-01-31,Debit,3137,Amazon,UPI,Success
T000006,C05192,A17266,2026-02-07,Debit,586,Airtel,Debit Card,Success
T000007,C08660,A12361,2026-07-08,Debit,4270,Airtel,Debit Card,Success
T000008,C00175,A18957,2026-06-04,Debit,2383,Amazon,UPI,Success
T000009,C04304,A11468,2026-07-25,Debit,1775,Electricity Board,UPI,Pending
T000010,C08683,A19962,2026-05-10,Debit,2196,Airtel,Bank Transfer,Success
T000011,C06230,A18628,2026-05-02,Debit,47,D-Mart,UPI,Success
T000012,C04287,A16715,2026-06-24,Debit,2514,Amazon,UPI,Success
T000013,C05856,A19511,2026-02-11,Credit,61037,Bank Refund,UPI,Success
T000014,C09343,A18370,2026-05-16,Credit,77784,UPI Received,UPI,Success
T000015,C02244,A16523,2026-07-21,Debit,3680,Swiggy,UPI,Success
T000016,C07678,A11465,2026-05-26,Debit,4150,Flipkart,Debit Card,Pending
T000017,C02628,A16069,2026-07-09,Debit,2214,Swiggy,Bank Transfer,Success
T000018,C07865,A13446,2026-05-14,Credit,95407,UPI Received,UPI,Failed
T000019,C08081,A19774,2026-01-02,Debit,4344,Electricity Board,UPI,Success
T000020,C05910,A15461,2026-02-20,Credit,42256,Bank Refund,Credit Card,Success
T000021,C03038,A10922,2026-03-24,Debit,4437,Amazon,UPI,Success
T000022,C02763,A17132,2026-04-24,Debit,493,MakeMyTrip,UPI,Failed
T000023,C02417,A10598,2026-07-21,Debit,1021,Electricity Board,UPI,Success
T000024,C08407,A13077,2026-03-23,Debit,1791,Swiggy,UPI,Success
T000025,C08100,A12146,2026-05-25,Debit,4768,Flipkart,Bank Transfer,Success
T000026,C06122,A17178,2026-01-18,Debit,3988,Flipkart,Debit Card,Success
T000027,C05867,A17385,2026-01-10,Debit,4227,D-Mart,UPI,Success
T000028,C06774,A12042,2026-07-21,Credit,81127,Cashback,Net Banking,Success
T000029,C06240,A16245,2026-02-08,Debit,3769,Amazon,Debit Card,Success
T000030,C08979,A10312,2026-02-20,Debit,1546,Flipkart,Debit Card,Success
T000031,C08103,A19155,2026-05-07,Credit,98373,Dividend,UPI,Success
T000032,C08564,A10061,2026-03-14,Debit,3221,Airtel,UPI,Success
T000033,C01026,A14792,2026-01-11,Debit,4115,Uber,UPI,Success
T000034,C09038,A11344,2026-01-09,Credit,90441,Interest Credit,Credit Card,Success
T000035,C06203,A19470,2026-07-11,Credit,34870,Salary,UPI,Success
T000036,C05279,A13616,2026-03-15,Debit,1311,MakeMyTrip,UPI,Success
T000037,C05288,A13995,2026-07-26,Debit,3719,Electricity Board,UPI,Success
T000038,C08433,A17724,2026-06-21,Debit,1733,Uber,UPI,Failed
T000039,C03902,A15215,2026-04-30,Debit,2404,MakeMyTrip,UPI,Success
T000040,C06272,A10601,2026-03-22,Debit,93,Zomato,UPI,Success
T000041,C07562,A15544,2026-01-22,Debit,2045,Netflix,Net Banking,Success
T000042,C06434,A10644,2026-06-08,Debit,58,Swiggy,UPI,Success
T000043,C09645,A18024,2026-05-30,Credit,91055,Cashback,Debit Card,Success
T000044,C05485,A15840,2026-02-13,Debit,2622,Electricity Board,Credit Card,Success
T000045,C09069,A12174,2026-04-09,Credit,79729,Dividend,UPI,Success
T000046,C07510,A13615,2026-04-09,Debit,2044,Amazon,Debit Card,Success
T000047,C04336,A12830,2026-01-23,Debit,167,Swiggy,Debit Card,Success
T000048,C00801,A14239,2026-02-14,Credit,85768,Bank Refund,Credit Card,Success
T000049,C07836,A17619,2026-01-25,Debit,245,MakeMyTrip,UPI,Success
T000050,C05925,A14363,2026-03-30,Debit,1084,Amazon,UPI,Success
T000051,C05216,A19774,2026-05-23,Credit,30034,Bank Refund,UPI,Success
T000052,C08719,A16528,2026-07-21,Debit,967,D-Mart,Credit Card,Success
T000053,C02410,A18522,2026-04-19,Debit,4954,Swiggy,UPI,Success
T000054,C09091,A18267,2026-07-25,Debit,2709,Swiggy,UPI,Success
T000055,C01399,A19540,2026-02-06,Debit,789,Flipkart,UPI,Pending
T000056,C02778,A17840,2026-02-06,Debit,441,Swiggy,UPI,Success
T000057,C02132,A13431,2026-07-01,Credit,40491,Interest Credit,Credit Card,Success
T000058,C05261,A15178,2026-07-16,Credit,42123,Interest Credit,Credit Card,Success
T000059,C06452,A18370,2026-01-12,Debit,1264,Netflix,Debit Card,Success
T000060,C00605,A15541,2026-07-08,Debit,3644,Airtel,UPI,Success
T000061,C07613,A16601,2026-06-29,Debit,1570,Amazon,UPI,Success
T000062,C05989,A11918,2026-02-25,Credit,51943,Dividend,UPI,Success
T000063,C04064,A11969,2026-01-11,Debit,4019,Electricity Board,UPI,Success
T000064,C02337,A12129,2026-06-06,Debit,937,Flipkart,UPI,Success
T000065,C03180,A13050,2026-04-27,Debit,3930,D-Mart,Credit Card,Success
T000066,C04665,A14975,2026-02-06,Debit,2243,Zomato,Debit Card,Success
T000067,C08562,A13337,2026-04-25,Debit,678,MakeMyTrip,Debit Card,Success
T000068,C08041,A17583,2026-02-07,Debit,4062,Uber,UPI,Success
T000069,C04140,A16582,2026-04-06,Debit,2375,MakeMyTrip,Credit Card,Success
T000070,C07050,A13381,2026-07-07,Debit,4224,Zomato,Debit Card,Success
T000071,C06221,A17170,2026-01-01,Credit,42827,Interest Credit,UPI,Success
T000072,C03510,A15240,2026-05-23,Debit,3865,MakeMyTrip,UPI,Success
T000073,C05516,A11376,2026-02-15,Debit,2631,D-Mart,UPI,Success
T000074,C07650,A10262,2026-06-20,Debit,2045,D-Mart,Debit Card,Success
T000075,C06973,A18408,2026-03-22,Debit,866,D-Mart,UPI,Success
T000076,C07214,A17724,2026-04-07,Debit,1467,D-Mart,Credit Card,Success
T000077,C09432,A19651,2026-03-26,Debit,601,Uber,UPI,Pending
T000078,C01168,A10226,2026-01-24,Credit,19381,Bank Refund,UPI,Success
T000079,C03297,A11486,2026-03-18,Credit,51796,Dividend,UPI,Success
T000080,C03832,A19204,2026-04-04,Debit,2872,Netflix,Bank Transfer,Success
T000081,C08961,A14384,2026-05-21,Debit,1799,Amazon,UPI,Success
T000082,C00318,A17825,2026-03-17,Debit,4037,MakeMyTrip,Net Banking,Success
T000083,C08768,A16696,2026-03-09,Credit,32490,Salary,Net Banking,Failed
T000084,C09965,A14191,2026-02-06,Credit,8070,Bank Refund,Bank Transfer,Success
T000085,C05228,A14563,2026-02-25,Debit,210,Zomato,Bank Transfer,Success
T000086,C01961,A17495,2026-04-06,Credit,36774,Interest Credit,Credit Card,Success
T000087,C02274,A17882,2026-04-25,Debit,3294,D-Mart,UPI,Success
T000088,C07748,A17525,2026-07-26,Debit,2947,Netflix,Debit Card,Success
T000089,C07496,A11544,2026-06-03,Debit,532,Uber,UPI,Success
T000090,C02184,A12500,2026-07-03,Debit,4251,Swiggy,Bank Transfer,Success
T000091,C02733,A19580,2026-07-21,Debit,3536,MakeMyTrip,Bank Transfer,Success
T000092,C08361,A10458,2026-07-08,Debit,379,Flipkart,UPI,Success
T000093,C06847,A18622,2026-03-17,Debit,2291,Airtel,UPI,Success
T000094,C08446,A19206,2026-03-13,Debit,313,Zomato,UPI,Success
T000095,C06157,A19004,2026-01-24,Debit,4554,Netflix,UPI,Success
T000096,C06085,A12754,2026-05-23,Debit,2376,Zomato,Debit Card,Success
T000097,C09440,A12277,2026-06-27,Debit,1308,Electricity Board,Bank Transfer,Success
T000098,C04029,A16944,2026-07-12,Credit,13825,Dividend,Debit Card,Success
T000099,C07608,A12457,2026-01-20,Debit,3868,Electricity Board,UPI,Success
T000100,C08171,A12181,2026-03-19,Debit,3908,Netflix,Debit Card,Success
T000101,C04361,A10789,2026-06-25,Debit,3762,MakeMyTrip,UPI,Failed
T000102,C03052,A18438,2026-06-29,Credit,25293,Bank Refund,Credit Card,Success
T000103,C09777,A13122,2026-04-30,Credit,15011,Bank Refund,Debit Card,Success
T000104,C07688,A19790,2026-03-27,Debit,2538,Netflix,UPI,Success
T000105,C01706,A13627,2026-06-25,Debit,4003,D-Mart,UPI,Success
T000106,C01648,A19787,2026-07-09,Credit,95373,Cashback,Credit Card,Success
T000107,C00608,A12633,2026-04-15,Debit,870,Airtel,UPI,Failed
T000108,C08079,A12438,2026-07-26,Debit,1879,D-Mart,Credit Card,Success
T000109,C00402,A15120,2026-06-02,Debit,932,Swiggy,UPI,Success
T000110,C08883,A11425,2026-03-21,Credit,16037,Interest Credit,Debit Card,Success
T000111,C04331,A17226,2026-01-26,Debit,1779,Flipkart,Credit Card,Success
T000112,C00292,A19135,2026-06-06,Credit,48892,Bank Refund,Bank Transfer,Success
T000113,C04924,A14109,2026-06-28,Debit,2007,Uber,Debit Card,Success
T000114,C00559,A16623,2026-02-04,Debit,534,Netflix,UPI,Success
T000115,C03717,A11217,2026-02-02,Debit,2429,Amazon,Debit Card,Failed
T000116,C00643,A15829,2026-01-13,Debit,2867,Swiggy,Debit Card,Success
T000117,C04508,A13825,2026-03-16,Credit,63224,Bank Refund,Credit Card,Success
T000118,C05768,A13627,2026-05-01,Debit,2002,Swiggy,Bank Transfer,Success
T000119,C02005,A12523,2026-01-21,Credit,14365,Salary,Credit Card,Success
T000120,C01272,A12699,2026-01-29,Debit,1205,Electricity Board,UPI,Success
T000121,C02713,A12179,2026-01-18,Debit,1102,Amazon,UPI,Success
T000122,C09983,A11769,2026-05-24,Debit,1545,Flipkart,Credit Card,Success
T000123,C05159,A19249,2026-05-07,Debit,2626,Flipkart,Net Banking,Success
T000124,C04153,A10808,2026-05-21,Credit,20981,Salary,Credit Card,Success
T000125,C00510,A11595,2026-06-06,Debit,2246,Swiggy,Credit Card,Success
T000126,C02434,A19633,2026-06-06,Debit,2996,Amazon,Bank Transfer,Success
T000127,C07343,A12940,2026-06-30,Debit,799,Swiggy,UPI,Success
T000128,C03976,A14441,2026-06-16,Debit,3396,Flipkart,UPI,Success
T000129,C05525,A16445,2026-03-14,Credit,8480,Cashback,UPI,Success
T000130,C00344,A18180,2026-07-09,Credit,37221,Cashback,UPI,Success
T000131,C04203,A11953,2026-06-11,Debit,3798,Electricity Board,Debit Card,Success
T000132,C09278,A15382,2026-05-06,Debit,4378,Airtel,Debit Card,Success
T000133,C06600,A16876,2026-05-08,Debit,4106,Airtel,UPI,Success
T000134,C09864,A13463,2026-02-08,Debit,4541,Uber,UPI,Success
T000135,C03187,A18583,2026-05-12,Debit,1228,Electricity Board,Net Banking,Success
T000136,C06868,A12570,2026-04-18,Debit,3498,MakeMyTrip,Net Banking,Failed
T000137,C06874,A14483,2026-04-14,Debit,155,MakeMyTrip,UPI,Failed
T000138,C01284,A15090,2026-07-14,Debit,3297,Electricity Board,UPI,Success
T000139,C05197,A16589,2026-07-05,Debit,960,Amazon,UPI,Success
T000140,C05477,A11609,2026-01-02,Debit,1196,D-Mart,Debit Card,Success
T000141,C04717,A12960,2026-07-24,Debit,482,Flipkart,Debit Card,Success
T000142,C04801,A10278,2026-06-29,Debit,1109,Amazon,UPI,Pending
T000143,C07259,A15642,2026-03-30,Credit,48071,Dividend,Debit Card,Success
T000144,C00786,A19728,2026-03-05,Debit,411,Swiggy,UPI,Success
T000145,C05479,A13815,2026-03-30,Debit,645,Amazon,Debit Card,Success
T000146,C05871,A18201,2026-05-24,Debit,1318,Airtel,Credit Card,Success
T000147,C08035,A16907,2026-04-01,Debit,1320,D-Mart,Debit Card,Success
T000148,C07993,A10703,2026-03-01,Debit,1781,Zomato,UPI,Failed
T000149,C05377,A16532,2026-05-06,Debit,1452,Zomato,UPI,Success
T000150,C00905,A16973,2026-03-06,Credit,6545,Bank Refund,UPI,Success
T000151,C04183,A19015,2026-01-07,Debit,1646,MakeMyTrip,Debit Card,Success
T000152,C08170,A15563,2026-06-14,Debit,4403,Uber,UPI,Pending
T000153,C03663,A10249,2026-04-17,Debit,2222,D-Mart,UPI,Success
T000154,C07017,A18777,2026-01-06,Debit,4516,Netflix,Debit Card,Success
T000155,C02246,A10298,2026-02-07,Debit,2993,MakeMyTrip,Bank Transfer,Success
T000156,C00519,A11674,2026-01-22,Debit,3489,Swiggy,Credit Card,Success
T000157,C09585,A17903,2026-07-08,Debit,2898,Amazon,Credit Card,Success
T000158,C06147,A14732,2026-03-08,Debit,4985,Swiggy,Credit Card,Success
T000159,C08790,A14271,2026-03-08,Debit,1303,Uber,Debit Card,Success
T000160,C00910,A15109,2026-03-27,Debit,4059,D-Mart,UPI,Success
T000161,C08830,A13289,2026-05-28,Debit,2100,Netflix,Net Banking,Success
T000162,C00848,A12886,2026-01-13,Debit,4848,Flipkart,UPI,Success
T000163,C06114,A14651,2026-05-29,Debit,1530,Zomato,UPI,Success
T000164,C02866,A12124,2026-06-15,Debit,4164,Zomato,UPI,Pending
T000165,C02187,A14755,2026-03-16,Debit,813,Netflix,UPI,Success
T000166,C02835,A13201,2026-01-23,Debit,2466,MakeMyTrip,Bank Transfer,Success
T000167,C02917,A17549,2026-07-15,Debit,2335,Airtel,Bank Transfer,Failed
T000168,C04849,A16068,2026-03-24,Credit,4391,Dividend,Credit Card,Success
T000169,C08207,A10641,2026-06-09,Debit,1878,Electricity Board,Credit Card,Success
T000170,C00955,A18160,2026-01-31,Credit,88705,Interest Credit,UPI,Success
T000171,C00514,A16383,2026-05-16,Debit,205,D-Mart,UPI,Success
T000172,C02023,A19570,2026-01-07,Debit,654,Amazon,Debit Card,Success
T000173,C00214,A18962,2026-04-25,Debit,2919,Flipkart,UPI,Success
T000174,C02173,A10655,2026-02-28,Debit,732,D-Mart,UPI,Success
T000175,C01128,A16554,2026-07-20,Debit,2142,Zomato,UPI,Success
T000176,C05160,A17880,2026-01-04,Debit,956,Swiggy,UPI,Success
T000177,C00318,A13160,2026-02-27,Credit,60998,Interest Credit,UPI,Success
T000178,C01069,A12564,2026-05-11,Debit,4432,Electricity Board,Bank Transfer,Success
T000179,C08426,A16015,2026-04-11,Debit,4074,Zomato,Credit Card,Success
T000180,C06294,A11682,2026-01-17,Debit,1355,Airtel,UPI,Success
T000181,C00175,A15762,2026-05-05,Credit,13875,Interest Credit,Debit Card,Pending
T000182,C01486,A10479,2026-03-01,Debit,4073,Zomato,UPI,Success
T000183,C04054,A11550,2026-02-21,Debit,2043,MakeMyTrip,UPI,Success
T000184,C08649,A19952,2026-07-10,Debit,3953,Netflix,Debit Card,Success
T000185,C02377,A14102,2026-07-13,Credit,71809,Interest Credit,UPI,Success
T000186,C03971,A17303,2026-02-22,Debit,4770,D-Mart,Bank Transfer,Success
T000187,C05855,A16124,2026-03-19,Debit,2096,D-Mart,Credit Card,Success
T000188,C04881,A10819,2026-03-13,Debit,2524,MakeMyTrip,UPI,Success
T000189,C06993,A13687,2026-06-10,Debit,777,Zomato,UPI,Success
T000190,C03031,A18272,2026-07-10,Debit,263,Electricity Board,Credit Card,Success
T000191,C08057,A13269,2026-04-09,Debit,4690,Swiggy,Bank Transfer,Success
T000192,C07804,A15033,2026-04-26,Debit,2566,MakeMyTrip,UPI,Success
T000193,C04622,A18193,2026-05-08,Credit,54921,Cashback,Bank Transfer,Success
T000194,C09866,A19150,2026-02-03,Debit,3983,Airtel,Debit Card,Failed
T000195,C06861,A18140,2026-03-10,Debit,572,Uber,UPI,Success
T000196,C05607,A16048,2026-03-17,Debit,251,Netflix,UPI,Success
T000197,C08180,A15039,2026-06-25,Credit,23632,Salary,Bank Transfer,Success
T000198,C09172,A14655,2026-05-26,Credit,35203,Dividend,UPI,Success
T000199,C04088,A19938,2026-03-14,Debit,1161,D-Mart,UPI,Success
T000200,C09149,A11497,2026-03-27,Debit,2122,MakeMyTrip,UPI,Success
T000201,C01767,A16896,2026-02-28,Debit,350,Flipkart,UPI,Success
T000202,C09271,A10622,2026-04-14,Debit,1965,Airtel,UPI,Success
T000203,C06575,A14206,2026-06-27,Debit,3430,Flipkart,UPI,Success
T000204,C03352,A11103,2026-02-02,Debit,2612,D-Mart,Debit Card,Success
T000205,C05304,A16805,2026-02-05,Credit,38421,Salary,UPI,Success
T000206,C02452,A15763,2026-06-07,Debit,2580,D-Mart,UPI,Success
T000207,C04740,A14209,2026-02-27,Debit,2437,Swiggy,UPI,Success
T000208,C03237,A15112,2026-04-12,Credit,76037,Dividend,Credit Card,Success
T000209,C05582,A13398,2026-07-15,Credit,78527,Bank Refund,Debit Card,Success
T000210,C06676,A13629,2026-07-04,Debit,2670,Airtel,Debit Card,Success
T000211,C03163,A15511,2026-03-11,Debit,3044,MakeMyTrip,Debit Card,Success
T000212,C02650,A10801,2026-05-10,Debit,1915,Flipkart,Net Banking,Success
T000213,C03903,A13671,2026-07-02,Debit,2181,Airtel,Credit Card,Pending
T000214,C06373,A19491,2026-01-15,Debit,3979,Netflix,Debit Card,Success
T000215,C03460,A11735,2026-05-10,Debit,2052,Amazon,UPI,Success
T000216,C02728,A10391,2026-03-26,Debit,4122,Zomato,UPI,Success
T000217,C06287,A17835,2026-04-13,Debit,4428,Swiggy,Debit Card,Success
T000218,C07109,A13210,2026-06-02,Debit,1317,Electricity Board,Debit Card,Success
T000219,C02821,A10071,2026-05-23,Debit,4902,Airtel,Credit Card,Success
T000220,C05405,A14792,2026-01-11,Credit,94936,Salary,UPI,Success
T000221,C00923,A15517,2026-05-12,Debit,2916,Electricity Board,UPI,Success
T000222,C05325,A15483,2026-01-07,Debit,3786,Swiggy,Credit Card,Success
T000223,C03840,A19710,2026-05-15,Debit,3663,MakeMyTrip,UPI,Success
T000224,C05879,A19701,2026-02-21,Debit,996,Uber,Debit Card,Success
T000225,C00605,A19628,2026-01-20,Debit,3605,Swiggy,UPI,Success
T000226,C07894,A14502,2026-01-24,Debit,1568,Uber,Bank Transfer,Success
T000227,C02349,A19864,2026-06-03,Debit,1922,Flipkart,Debit Card,Success
T000228,C03811,A11410,2026-06-08,Credit,42517,Interest Credit,Net Banking,Success
T000229,C05213,A12303,2026-01-28,Debit,916,Zomato,Debit Card,Success
T000230,C09639,A18358,2026-05-07,Debit,159,Airtel,Debit Card,Success
T000231,C00347,A16470,2026-05-21,Credit,60462,UPI Received,UPI,Success
T000232,C05404,A12565,2026-01-28,Credit,62182,UPI Received,Bank Transfer,Success
T000233,C00730,A18526,2026-02-23,Debit,919,Airtel,UPI,Success
T000234,C08553,A15559,2026-01-29,Debit,2857,Netflix,UPI,Success
T000235,C09184,A17791,2026-01-09,Credit,72353,Bank Refund,Debit Card,Pending
T000236,C06226,A10838,2026-02-03,Debit,754,Flipkart,Bank Transfer,Success
T000237,C06488,A10105,2026-03-26,Debit,3064,Flipkart,Credit Card,Success
T000238,C04877,A18953,2026-01-01,Debit,697,Flipkart,UPI,Success
T000239,C09037,A13712,2026-05-31,Debit,3654,Uber,UPI,Success
T000240,C03150,A19019,2026-01-22,Debit,2832,Zomato,UPI,Success
T000241,C04377,A17931,2026-03-17,Credit,69687,Bank Refund,UPI,Success
T000242,C07398,A12820,2026-05-07,Debit,1325,D-Mart,UPI,Success
T000243,C05874,A13473,2026-04-16,Debit,3702,Airtel,Bank Transfer,Success
T000244,C00065,A16346,2026-02-25,Debit,3352,Electricity Board,Credit Card,Success
T000245,C03553,A12124,2026-06-01,Debit,263,Swiggy,Credit Card,Success
T000246,C09566,A17651,2026-04-14,Debit,4494,Flipkart,Debit Card,Success
T000247,C01735,A13170,2026-04-11,Debit,4902,Amazon,UPI,Pending
T000248,C00535,A12085,2026-04-30,Debit,2360,Zomato,Bank Transfer,Success
T000249,C00700,A11320,2026-03-06,Debit,4017,D-Mart,UPI,Success
T000250,C09871,A17076,2026-02-03,Debit,3448,Flipkart,UPI,Success
T000251,C02447,A11516,2026-07-16,Debit,4129,Netflix,UPI,Success
T000252,C00386,A18020,2026-04-30,Debit,2645,Uber,Net Banking,Failed
T000253,C07613,A13225,2026-04-05,Debit,120,Zomato,Bank Transfer,Success
T000254,C09308,A18120,2026-07-17,Debit,791,Airtel,UPI,Success
T000255,C07002,A12109,2026-04-23,Debit,2174,Zomato,Net Banking,Success
T000256,C04648,A17529,2026-03-06,Debit,2094,Zomato,UPI,Success
T000257,C05392,A10408,2026-05-21,Credit,30262,Salary,UPI,Failed
T000258,C01098,A12733,2026-04-14,Debit,440,Zomato,Credit Card,Success
T000259,C06418,A18921,2026-02-26,Debit,1713,Airtel,Credit Card,Success
T000260,C00559,A12962,2026-06-07,Debit,1861,Zomato,UPI,Success
T000261,C02049,A11013,2026-03-27,Credit,11162,Interest Credit,Debit Card,Success
T000262,C09679,A15123,2026-04-25,Debit,3694,Zomato,Debit Card,Success
T000263,C01408,A17653,2026-07-16,Debit,216,Amazon,UPI,Success
T000264,C00434,A13989,2026-01-16,Debit,4709,Swiggy,UPI,Success
T000265,C03985,A12607,2026-06-10,Debit,2966,Electricity Board,UPI,Success
T000266,C07586,A15617,2026-03-25,Credit,61293,UPI Received,Credit Card,Success
T000267,C08863,A10164,2026-05-12,Debit,3369,Netflix,Net Banking,Success
T000268,C09893,A16840,2026-07-23,Debit,1371,Swiggy,UPI,Success
T000269,C04621,A15910,2026-07-21,Debit,1396,Zomato,UPI,Success
T000270,C08722,A10504,2026-01-26,Debit,2147,Swiggy,UPI,Success
T000271,C09757,A10147,2026-04-21,Debit,1538,Uber,UPI,Success
T000272,C02348,A13481,2026-02-24,Debit,1520,Uber,UPI,Success
T000273,C09642,A13027,2026-02-02,Debit,3203,D-Mart,Debit Card,Success
T000274,C02387,A10582,2026-05-18,Debit,1933,Flipkart,UPI,Success
T000275,C04288,A10387,2026-03-28,Debit,3065,D-Mart,Credit Card,Success
T000276,C01151,A12021,2026-03-13,Debit,1108,D-Mart,Debit Card,Success
T000277,C00427,A18335,2026-01-23,Credit,42008,Dividend,Credit Card,Success
T000278,C03337,A18280,2026-02-25,Debit,4038,Swiggy,Bank Transfer,Success
T000279,C06251,A19952,2026-03-01,Debit,1866,Flipkart,UPI,Success
T000280,C01025,A16934,2026-03-26,Credit,22324,Dividend,UPI,Success
T000281,C00633,A11798,2026-02-13,Debit,51,MakeMyTrip,Debit Card,Success
T000282,C01170,A12955,2026-04-28,Debit,2983,Swiggy,UPI,Success
T000283,C00965,A13993,2026-07-23,Debit,1309,D-Mart,UPI,Success
T000284,C02829,A13676,2026-06-20,Credit,25978,Salary,Net Banking,Success
T000285,C00197,A19813,2026-07-25,Debit,2550,Flipkart,UPI,Success
T000286,C08556,A11924,2026-01-24,Debit,3213,Netflix,Credit Card,Success
T000287,C09221,A12738,2026-01-16,Debit,1325,Electricity Board,UPI,Success
T000288,C06622,A17603,2026-01-13,Credit,43688,Interest Credit,Bank Transfer,Success
T000289,C08604,A18399,2026-01-17,Debit,4102,Electricity Board,Credit Card,Success
T000290,C02887,A10602,2026-04-09,Debit,863,D-Mart,UPI,Success
T000291,C00128,A12018,2026-04-05,Debit,2819,Flipkart,Credit Card,Success
T000292,C08076,A11927,2026-02-15,Debit,2703,Uber,Bank Transfer,Success
T000293,C03634,A18864,2026-07-05,Debit,1588,Netflix,UPI,Success
T000294,C01230,A11436,2026-04-15,Debit,2633,Uber,Net Banking,Success
T000295,C07634,A13394,2026-03-12,Debit,3513,Uber,Debit Card,Success
T000296,C09980,A18390,2026-05-12,Debit,2445,Amazon,UPI,Success
T000297,C05465,A18030,2026-04-17,Debit,1808,Zomato,UPI,Success
T000298,C02434,A12227,2026-07-13,Debit,1867,MakeMyTrip,Debit Card,Success
T000299,C01422,A13262,2026-04-29,Debit,3850,Swiggy,Net Banking,Success
T000300,C06042,A18377,2026-07-03,Debit,465,Zomato,Bank Transfer,Success
T000301,C07142,A16501,2026-06-22,Credit,14705,Interest Credit,Credit Card,Success
T000302,C03142,A19281,2026-02-23,Credit,27473,Salary,UPI,Success
T000303,C05199,A15420,2026-03-01,Debit,709,Electricity Board,Credit Card,Success
T000304,C06473,A13047,2026-04-28,Credit,96056,Salary,Debit Card,Success
T000305,C05260,A16394,2026-04-05,Debit,4214,Uber,UPI,Success
T000306,C02117,A12923,2026-07-15,Debit,4053,Airtel,UPI,Success
T000307,C08994,A19974,2026-03-05,Debit,2773,Netflix,Debit Card,Success
T000308,C04664,A18464,2026-02-11,Debit,3142,MakeMyTrip,Debit Card,Success
T000309,C09609,A19527,2026-04-04,Credit,84912,Cashback,Bank Transfer,Success
T000310,C09611,A19589,2026-03-21,Debit,498,MakeMyTrip,UPI,Pending
T000311,C04079,A16730,2026-01-21,Debit,3464,Airtel,UPI,Success
T000312,C07466,A17526,2026-06-07,Debit,4575,Amazon,UPI,Success
T000313,C08640,A16758,2026-07-10,Debit,2539,MakeMyTrip,Debit Card,Success
T000314,C07991,A19981,2026-02-15,Debit,2769,Airtel,UPI,Success
T000315,C07478,A19613,2026-06-29,Credit,56059,Dividend,Bank Transfer,Success
T000316,C08961,A15856,2026-06-10,Credit,55693,Salary,Bank Transfer,Failed
T000317,C00310,A13364,2026-04-30,Debit,3336,Flipkart,Bank Transfer,Success
T000318,C08235,A17624,2026-02-09,Debit,1667,MakeMyTrip,Credit Card,Success
T000319,C07257,A12115,2026-05-11,Debit,4259,D-Mart,UPI,Success
T000320,C06502,A19282,2026-05-12,Debit,4003,Zomato,UPI,Success
T000321,C00635,A14800,2026-03-14,Debit,3063,Airtel,Net Banking,Success
T000322,C04387,A19568,2026-04-23,Debit,879,D-Mart,UPI,Success
T000323,C02334,A16096,2026-03-29,Debit,555,Flipkart,Debit Card,Success
T000324,C06828,A12514,2026-06-11,Debit,4943,Uber,UPI,Success
T000325,C06894,A15825,2026-07-11,Debit,3785,Amazon,UPI,Success
T000326,C08893,A11601,2026-04-29,Credit,30648,Salary,UPI,Success
T000327,C04524,A18840,2026-01-26,Debit,4134,Zomato,Bank Transfer,Success
T000328,C00045,A12864,2026-02-09,Debit,4478,MakeMyTrip,Debit Card,Success
T000329,C07183,A19344,2026-04-30,Debit,3095,D-Mart,UPI,Success
T000330,C09107,A15164,2026-03-01,Debit,3780,MakeMyTrip,UPI,Success
T000331,C06263,A10999,2026-04-08,Debit,4137,Uber,Credit Card,Success
T000332,C06440,A18021,2026-01-19,Credit,54678,Salary,UPI,Success
T000333,C03238,A12993,2026-01-16,Debit,4417,Netflix,UPI,Success
T000334,C05987,A10955,2026-04-01,Debit,3787,Netflix,Debit Card,Success
T000335,C05458,A17456,2026-05-01,Debit,180,Airtel,Net Banking,Success
T000336,C01127,A13808,2026-02-10,Debit,4416,D-Mart,UPI,Success
T000337,C04809,A17223,2026-02-27,Credit,89637,Bank Refund,UPI,Success
T000338,C02725,A19106,2026-02-01,Credit,94923,Dividend,Credit Card,Success
T000339,C06020,A15475,2026-05-11,Debit,3314,D-Mart,UPI,Success
T000340,C09108,A15404,2026-01-12,Debit,1671,Amazon,Credit Card,Success
T000341,C04980,A14549,2026-01-20,Debit,270,Swiggy,Credit Card,Success
T000342,C01484,A18453,2026-07-01,Debit,4168,Netflix,UPI,Success
T000343,C03075,A13211,2026-05-05,Debit,3178,Amazon,Net Banking,Success
T000344,C03126,A17531,2026-02-03,Debit,249,Swiggy,UPI,Success
T000345,C09613,A12646,2026-03-17,Debit,901,Airtel,Bank Transfer,Success
T000346,C09830,A19087,2026-05-25,Credit,82727,Cashback,UPI,Success
T000347,C06390,A18513,2026-06-26,Debit,1010,Airtel,Credit Card,Failed
T000348,C04357,A16112,2026-05-28,Debit,2402,MakeMyTrip,Credit Card,Success
T000349,C02856,A18817,2026-06-14,Debit,931,Amazon,Bank Transfer,Success
T000350,C08611,A12403,2026-06-15,Debit,3040,Uber,Credit Card,Success
T000351,C04235,A13380,2026-04-24,Debit,1673,D-Mart,UPI,Success
T000352,C06872,A18260,2026-05-21,Debit,3478,Airtel,Credit Card,Success
T000353,C09489,A10991,2026-06-05,Debit,2332,Electricity Board,UPI,Success
T000354,C02555,A13226,2026-06-09,Credit,10052,UPI Received,Bank Transfer,Success
T000355,C05848,A13049,2026-01-03,Debit,732,Zomato,Debit Card,Success
T000356,C09484,A16591,2026-03-18,Debit,3042,Amazon,Net Banking,Success
T000357,C07092,A18397,2026-03-21,Debit,2314,Zomato,UPI,Success
T000358,C01996,A16762,2026-06-01,Debit,1434,MakeMyTrip,UPI,Success
T000359,C03649,A13745,2026-04-22,Debit,2571,Swiggy,Bank Transfer,Success
T000360,C00650,A18913,2026-07-02,Debit,2000,Zomato,Credit Card,Success
T000361,C02585,A15526,2026-01-12,Debit,1447,MakeMyTrip,UPI,Success
T000362,C05201,A19564,2026-04-26,Credit,20525,Bank Refund,UPI,Success
T000363,C09835,A19001,2026-07-17,Debit,3921,Electricity Board,Bank Transfer,Success
T000364,C08599,A16336,2026-06-26,Debit,4889,Amazon,Net Banking,Success
T000365,C07007,A18130,2026-06-11,Debit,531,MakeMyTrip,UPI,Success
T000366,C06116,A10963,2026-01-10,Debit,3422,Swiggy,UPI,Success
T000367,C08491,A13686,2026-03-25,Debit,3577,Airtel,Debit Card,Success
T000368,C06448,A10041,2026-07-13,Debit,1974,Electricity Board,Debit Card,Success
T000369,C08626,A19420,2026-07-22,Debit,2822,Uber,UPI,Success
T000370,C06407,A11905,2026-02-12,Debit,2226,Amazon,UPI,Success
T000371,C05912,A13065,2026-07-16,Credit,22673,UPI Received,Credit Card,Success
T000372,C03099,A17010,2026-05-10,Debit,4396,Zomato,Bank Transfer,Success
T000373,C05622,A18709,2026-01-11,Debit,968,D-Mart,UPI,Success
T000374,C03427,A12926,2026-01-13,Credit,89481,Bank Refund,UPI,Failed
T000375,C03245,A13609,2026-05-24,Debit,3727,Zomato,UPI,Success
T000376,C03818,A10161,2026-05-03,Debit,367,Swiggy,Debit Card,Success
T000377,C08972,A14918,2026-07-25,Debit,3098,Flipkart,Debit Card,Success
T000378,C01275,A10395,2026-05-07,Debit,1003,Uber,UPI,Pending
T000379,C09953,A14667,2026-02-25,Debit,515,Airtel,Bank Transfer,Success
T000380,C01000,A11651,2026-02-01,Debit,615,Airtel,Debit Card,Success
T000381,C09618,A13735,2026-02-06,Debit,4773,Swiggy,Credit Card,Success
T000382,C08910,A12172,2026-05-12,Credit,2299,Salary,UPI,Success
T000383,C01222,A14711,2026-02-05,Debit,3192,D-Mart,Net Banking,Success
T000384,C02278,A17386,2026-06-15,Debit,4718,Amazon,UPI,Success
T000385,C08649,A12009,2026-04-28,Debit,1064,Amazon,UPI,Success
T000386,C05611,A10575,2026-06-24,Debit,3123,Electricity Board,Credit Card,Failed
T000387,C08086,A15045,2026-05-11,Credit,43227,Salary,Bank Transfer,Success
T000388,C05974,A19882,2026-03-29,Debit,1997,Zomato,Credit Card,Success
T000389,C00539,A11839,2026-02-09,Debit,1958,Flipkart,UPI,Success
T000390,C03495,A14368,2026-02-06,Debit,2795,Electricity Board,Debit Card,Success
T000391,C01753,A16519,2026-04-27,Debit,2126,MakeMyTrip,Debit Card,Success
T000392,C06756,A18616,2026-06-29,Credit,26718,Cashback,UPI,Success
T000393,C03452,A17068,2026-01-14,Debit,4485,Uber,Debit Card,Success
T000394,C02941,A11679,2026-04-04,Debit,1117,Swiggy,Credit Card,Success
T000395,C01698,A18754,2026-04-14,Debit,3356,Zomato,Net Banking,Success
T000396,C02318,A12825,2026-06-13,Debit,4115,Zomato,Bank Transfer,Success
T000397,C08963,A17687,2026-03-17,Debit,3586,Swiggy,Credit Card,Success
T000398,C00640,A13016,2026-04-12,Debit,3266,Netflix,Debit Card,Success
T000399,C04512,A18928,2026-07-01,Debit,2237,MakeMyTrip,UPI,Success
T000400,C06844,A18001,2026-03-21,Debit,3891,Flipkart,Credit Card,Success
T000401,C07452,A16659,2026-04-13,Debit,116,Airtel,UPI,Success
T000402,C03582,A10364,2026-06-28,Debit,3066,Netflix,UPI,Success
T000403,C00312,A15291,2026-01-16,Debit,2434,Zomato,Credit Card,Success
T000404,C05953,A17178,2026-02-13,Credit,50938,Bank Refund,UPI,Success
T000405,C09475,A15790,2026-04-15,Credit,42499,UPI Received,Net Banking,Failed
T000406,C08936,A18570,2026-03-14,Debit,1671,Uber,UPI,Success
T000407,C02127,A15215,2026-03-06,Debit,2303,Airtel,UPI,Failed
T000408,C03430,A10614,2026-01-09,Debit,4030,Airtel,UPI,Success
T000409,C08869,A14691,2026-06-03,Debit,4209,MakeMyTrip,Debit Card,Success
T000410,C06269,A16385,2026-02-15,Debit,3991,Amazon,UPI,Success
T000411,C07903,A13865,2026-02-18,Debit,4098,Airtel,UPI,Success
T000412,C06514,A13367,2026-02-16,Debit,1161,Netflix,Credit Card,Success
T000413,C03881,A10117,2026-06-19,Credit,66439,Cashback,UPI,Success
T000414,C07679,A10886,2026-04-10,Debit,1163,Netflix,Debit Card,Success
T000415,C05273,A13045,2026-02-25,Debit,4893,Airtel,UPI,Success
T000416,C09147,A11658,2026-07-01,Debit,3375,Uber,Credit Card,Success
T000417,C06503,A15098,2026-04-03,Debit,321,Electricity Board,Debit Card,Success
T000418,C00918,A16114,2026-01-31,Credit,97935,UPI Received,Debit Card,Success
T000419,C09156,A14668,2026-01-16,Credit,49853,Bank Refund,Bank Transfer,Failed
T000420,C05092,A16507,2026-01-29,Credit,33354,Salary,UPI,Success
T000421,C03562,A11880,2026-06-18,Credit,81344,Bank Refund,UPI,Success
T000422,C00145,A19382,2026-07-08,Debit,3843,Flipkart,Credit Card,Success
T000423,C03953,A11202,2026-05-09,Debit,4727,MakeMyTrip,UPI,Success
T000424,C09015,A10339,2026-07-11,Debit,2361,MakeMyTrip,Debit Card,Success
T000425,C09304,A11719,2026-03-12,Debit,323,MakeMyTrip,Net Banking,Success
T000426,C04889,A14212,2026-02-12,Debit,3694,Netflix,UPI,Pending
T000427,C07701,A13064,2026-06-18,Debit,1431,Swiggy,Debit Card,Success
T000428,C04449,A19644,2026-03-29,Debit,3945,Swiggy,Debit Card,Success
T000429,C00686,A12933,2026-05-12,Debit,1764,Airtel,Debit Card,Success
T000430,C00776,A19201,2026-04-30,Debit,3379,Zomato,Net Banking,Failed
T000431,C09953,A11301,2026-05-07,Debit,4960,Netflix,UPI,Success
T000432,C00082,A10874,2026-06-29,Debit,4939,D-Mart,Bank Transfer,Success
T000433,C00934,A18401,2026-02-11,Debit,4686,Uber,Debit Card,Success
T000434,C06765,A12810,2026-01-01,Debit,261,Zomato,Credit Card,Success
T000435,C04916,A18072,2026-03-09,Debit,4163,MakeMyTrip,UPI,Success
T000436,C03305,A10714,2026-06-19,Debit,2839,Zomato,Debit Card,Success
T000437,C01448,A10831,2026-01-10,Credit,83721,Cashback,UPI,Success
T000438,C05728,A15014,2026-06-13,Debit,4371,Airtel,UPI,Success
T000439,C06370,A17440,2026-05-13,Credit,33540,Cashback,UPI,Success
T000440,C01818,A17624,2026-03-22,Debit,736,Amazon,UPI,Success
T000441,C04705,A18014,2026-04-30,Credit,13974,UPI Received,Debit Card,Success
T000442,C03354,A17181,2026-02-28,Debit,73,Electricity Board,UPI,Pending
T000443,C02540,A13604,2026-03-19,Debit,4409,Zomato,Debit Card,Success
T000444,C03853,A17220,2026-01-18,Debit,3968,D-Mart,UPI,Success
T000445,C01118,A19946,2026-07-22,Debit,4404,Uber,UPI,Success
T000446,C06604,A16355,2026-04-08,Debit,3564,D-Mart,Credit Card,Success
T000447,C00504,A14542,2026-03-31,Debit,4188,Flipkart,UPI,Success
T000448,C08338,A15793,2026-01-29,Debit,4578,Netflix,Credit Card,Success
T000449,C09264,A16974,2026-01-18,Credit,15472,Salary,UPI,Success
T000450,C04519,A16684,2026-04-30,Debit,328,Uber,Bank Transfer,Pending
T000451,C08824,A13597,2026-01-04,Debit,2540,Netflix,Debit Card,Success
T000452,C08981,A15197,2026-06-20,Debit,4060,Netflix,UPI,Success
T000453,C08168,A12383,2026-02-28,Debit,3760,D-Mart,Bank Transfer,Success
T000454,C01189,A14261,2026-02-03,Debit,2576,D-Mart,UPI,Success
T000455,C09181,A18123,2026-01-17,Debit,1174,Uber,UPI,Success
T000456,C08213,A15799,2026-06-07,Debit,803,Swiggy,UPI,Success
T000457,C04855,A17479,2026-06-05,Debit,1034,Zomato,Credit Card,Success
T000458,C00544,A17697,2026-04-19,Credit,86695,Dividend,Bank Transfer,Success
T000459,C06538,A19960,2026-03-30,Credit,15034,UPI Received,Debit Card,Success
T000460,C09058,A12132,2026-05-01,Debit,3607,Zomato,Bank Transfer,Success
T000461,C07304,A16404,2026-06-11,Debit,2694,MakeMyTrip,UPI,Success
T000462,C02354,A16980,2026-05-11,Debit,3665,Uber,Debit Card,Success
T000463,C06051,A14726,2026-04-23,Credit,7588,Dividend,Credit Card,Failed
T000464,C06328,A11982,2026-04-27,Credit,38860,UPI Received,UPI,Success
T000465,C04705,A12344,2026-06-05,Credit,93851,Salary,Bank Transfer,Pending
T000466,C01758,A19509,2026-01-04,Debit,436,Electricity Board,UPI,Success
T000467,C00675,A13528,2026-04-23,Credit,69770,Salary,Credit Card,Success
T000468,C06316,A13747,2026-04-05,Debit,4636,Airtel,UPI,Pending
T000469,C05698,A19631,2026-07-27,Credit,60235,Interest Credit,UPI,Success
T000470,C02978,A19735,2026-04-11,Debit,2638,Airtel,UPI,Success
T000471,C05767,A14105,2026-01-22,Debit,2859,Zomato,UPI,Success
T000472,C06819,A14996,2026-05-30,Debit,4658,Airtel,Bank Transfer,Success
T000473,C01587,A19969,2026-05-05,Debit,731,Uber,Credit Card,Success
T000474,C09205,A11291,2026-01-11,Credit,77082,Salary,Credit Card,Success
T000475,C03275,A13898,2026-05-15,Debit,3789,Electricity Board,Debit Card,Success
T000476,C00830,A14082,2026-03-18,Credit,6380,Cashback,UPI,Failed
T000477,C02789,A15866,2026-05-10,Credit,94016,Dividend,UPI,Success
T000478,C03518,A16394,2026-06-03,Debit,2231,Swiggy,Debit Card,Failed
T000479,C07671,A11559,2026-07-08,Debit,453,Amazon,Credit Card,Success
T000480,C02480,A19404,2026-02-21,Debit,1171,Airtel,Bank Transfer,Success
T000481,C01046,A18364,2026-05-03,Debit,4840,Uber,Debit Card,Success
T000482,C09047,A10108,2026-05-31,Credit,9510,Dividend,UPI,Success
T000483,C05978,A10929,2026-04-27,Debit,1525,Flipkart,UPI,Pending
T000484,C00780,A18273,2026-04-17,Credit,10216,Interest Credit,UPI,Success
T000485,C00919,A12063,2026-02-22,Credit,27317,Salary,UPI,Success
T000486,C03866,A10478,2026-02-27,Credit,73202,UPI Received,UPI,Success
T000487,C05912,A19355,2026-04-25,Debit,2860,Amazon,Debit Card,Success
T000488,C05505,A19643,2026-04-10,Debit,1332,Netflix,UPI,Success
T000489,C00763,A15331,2026-07-12,Debit,4581,Electricity Board,UPI,Failed
T000490,C06486,A15667,2026-05-06,Debit,3022,Swiggy,UPI,Success
T000491,C02987,A17701,2026-05-25,Debit,552,Amazon,UPI,Success
T000492,C04347,A11373,2026-07-21,Debit,1569,Amazon,Debit Card,Pending
T000493,C02321,A12183,2026-04-08,Debit,4180,Airtel,Debit Card,Success
T000494,C04705,A11786,2026-04-10,Debit,3323,MakeMyTrip,Credit Card,Success
T000495,C03596,A19284,2026-04-05,Credit,8365,Bank Refund,Credit Card,Success
T000496,C03505,A12490,2026-02-03,Debit,1242,Swiggy,UPI,Success
T000497,C07129,A19246,2026-03-30,Debit,4830,Netflix,UPI,Success
T000498,C02855,A13696,2026-03-05,Credit,24032,Salary,Credit Card,Success
T000499,C03193,A11051,2026-04-08,Debit,3306,Netflix,Debit Card,Success
T000500,C09932,A19326,2026-07-07,Debit,2684,D-Mart,Bank Transfer,Success
T000501,C01046,A14929,2026-02-01,Debit,905,Uber,Bank Transfer,Success
T000502,C05370,A10228,2026-06-20,Credit,52476,Salary,Debit Card,Success
T000503,C01132,A13743,2026-06-20,Debit,2653,D-Mart,UPI,Success
T000504,C05255,A16094,2026-06-13,Debit,2797,Flipkart,UPI,Failed
T000505,C08477,A15825,2026-01-25,Debit,4626,Swiggy,UPI,Success
T000506,C07910,A10539,2026-05-10,Debit,668,Amazon,UPI,Success
T000507,C08328,A14584,2026-05-24,Debit,564,MakeMyTrip,UPI,Success
T000508,C04627,A10853,2026-01-03,Debit,2513,Flipkart,Bank Transfer,Success
T000509,C05497,A11353,2026-04-04,Debit,3956,Swiggy,UPI,Success
T000510,C01151,A10610,2026-01-01,Debit,3171,Uber,UPI,Success
T000511,C04601,A17729,2026-02-15,Debit,2190,Flipkart,Debit Card,Success
T000512,C05379,A17189,2026-01-14,Debit,3773,Zomato,UPI,Success
T000513,C02594,A12593,2026-06-26,Debit,4830,Amazon,UPI,Success
T000514,C06896,A10729,2026-01-16,Debit,1609,Swiggy,Debit Card,Success
T000515,C04663,A11077,2026-06-28,Debit,867,Uber,UPI,Success
T000516,C03428,A14337,2026-02-02,Debit,1421,Swiggy,Credit Card,Success
T000517,C04179,A10385,2026-07-07,Debit,3649,Swiggy,Bank Transfer,Success
T000518,C02564,A11977,2026-07-24,Debit,3185,Netflix,Credit Card,Success
T000519,C09296,A18689,2026-04-11,Debit,2562,Netflix,UPI,Success
T000520,C03220,A14685,2026-07-19,Credit,91908,Dividend,UPI,Failed
T000521,C05722,A10732,2026-02-15,Debit,555,D-Mart,Debit Card,Success
T000522,C02175,A13092,2026-01-16,Debit,1170,Airtel,Credit Card,Success
T000523,C00824,A19913,2026-06-11,Debit,4817,Swiggy,UPI,Success
T000524,C09915,A10425,2026-05-02,Debit,1941,Amazon,Debit Card,Success
T000525,C08342,A15986,2026-06-06,Debit,4243,MakeMyTrip,UPI,Success
T000526,C06068,A10642,2026-03-12,Debit,1614,MakeMyTrip,UPI,Success
T000527,C04260,A16272,2026-02-16,Credit,24199,Cashback,Debit Card,Success
T000528,C01590,A14043,2026-05-19,Debit,1079,Uber,UPI,Success
T000529,C06991,A19686,2026-06-11,Debit,3699,Swiggy,Bank Transfer,Success
T000530,C06442,A12443,2026-03-17,Credit,60991,UPI Received,UPI,Success
T000531,C01826,A10883,2026-01-04,Debit,3197,Electricity Board,UPI,Success
T000532,C07146,A11961,2026-07-07,Debit,1192,Zomato,UPI,Success
T000533,C09157,A12372,2026-04-19,Debit,190,Flipkart,UPI,Success
T000534,C09229,A14647,2026-04-01,Credit,72180,Cashback,UPI,Success
T000535,C04061,A13414,2026-06-13,Debit,3504,Swiggy,UPI,Success
T000536,C02751,A17786,2026-04-22,Debit,3545,MakeMyTrip,Credit Card,Success
T000537,C08219,A17112,2026-05-10,Debit,3414,Electricity Board,Debit Card,Success
T000538,C09744,A13460,2026-01-17,Debit,3152,Zomato,Net Banking,Success
T000539,C09568,A17481,2026-07-10,Debit,2176,Flipkart,Debit Card,Success
T000540,C01956,A13115,2026-02-10,Credit,13490,Interest Credit,Debit Card,Success
T000541,C04742,A13308,2026-05-22,Credit,54388,Cashback,UPI,Success
T000542,C07233,A11666,2026-02-23,Debit,1242,D-Mart,UPI,Success
T000543,C07710,A15162,2026-06-02,Debit,597,Amazon,UPI,Success
T000544,C06883,A11016,2026-06-12,Credit,35233,Bank Refund,Credit Card,Success
T000545,C09050,A10529,2026-03-10,Credit,69555,Cashback,UPI,Success
T000546,C04287,A13347,2026-06-28,Debit,4711,Netflix,UPI,Success
T000547,C05999,A19874,2026-06-25,Debit,4620,Uber,Debit Card,Success
T000548,C03993,A18452,2026-06-25,Debit,311,Netflix,UPI,Success
T000549,C01412,A13924,2026-05-13,Credit,31643,Bank Refund,Debit Card,Success
T000550,C02414,A16279,2026-03-05,Debit,4910,MakeMyTrip,UPI,Success
T000551,C02023,A16789,2026-06-22,Debit,354,Zomato,UPI,Success
T000552,C00438,A16208,2026-02-27,Credit,14123,Dividend,Debit Card,Success
T000553,C08187,A14400,2026-01-17,Debit,105,Flipkart,UPI,Success
T000554,C06649,A16365,2026-02-16,Debit,2526,Airtel,Debit Card,Failed
T000555,C02235,A11077,2026-05-17,Debit,4235,Flipkart,Credit Card,Success
T000556,C01721,A16708,2026-03-25,Debit,1455,D-Mart,UPI,Success
T000557,C06604,A17475,2026-03-01,Debit,2118,Zomato,Bank Transfer,Pending
T000558,C06668,A11963,2026-05-07,Debit,2362,Netflix,Bank Transfer,Success
T000559,C09563,A19778,2026-02-26,Debit,568,Amazon,UPI,Pending
T000560,C05163,A16959,2026-01-13,Credit,98531,Bank Refund,UPI,Success
T000561,C07310,A16082,2026-04-16,Credit,36456,Dividend,UPI,Success
T000562,C08782,A14595,2026-03-24,Debit,2562,Electricity Board,Credit Card,Success
T000563,C04454,A11789,2026-07-02,Debit,4289,Electricity Board,UPI,Success
T000564,C01594,A11563,2026-01-07,Debit,3463,Flipkart,UPI,Success
T000565,C03472,A15054,2026-03-09,Debit,1659,Amazon,UPI,Success
T000566,C04921,A18128,2026-03-26,Debit,1382,Airtel,Debit Card,Success
T000567,C04090,A17082,2026-05-03,Debit,3780,Electricity Board,Bank Transfer,Success
T000568,C07245,A14293,2026-01-23,Debit,3864,Flipkart,UPI,Success
T000569,C05944,A13908,2026-04-21,Debit,1723,D-Mart,UPI,Success
T000570,C01376,A17589,2026-07-13,Debit,2492,Amazon,UPI,Success
T000571,C09136,A10993,2026-06-13,Debit,4488,D-Mart,UPI,Success
T000572,C03845,A11710,2026-07-03,Debit,1699,Flipkart,UPI,Success
T000573,C06466,A17218,2026-03-14,Debit,4346,Flipkart,Debit Card,Success
T000574,C08969,A17817,2026-01-28,Debit,1289,D-Mart,Bank Transfer,Success
T000575,C08342,A15683,2026-05-15,Debit,323,D-Mart,Credit Card,Failed
T000576,C06719,A19199,2026-01-30,Debit,3773,Electricity Board,UPI,Success
T000577,C07315,A17444,2026-01-07,Debit,2403,Swiggy,UPI,Success
T000578,C06574,A16753,2026-05-31,Debit,3943,Airtel,UPI,Success
T000579,C05095,A11202,2026-07-01,Credit,30295,Dividend,Debit Card,Success
T000580,C01524,A17370,2026-02-23,Credit,16088,Salary,Credit Card,Success
T000581,C08866,A18313,2026-07-04,Debit,1405,Electricity Board,Credit Card,Success
T000582,C05834,A13565,2026-04-12,Credit,75662,Interest Credit,UPI,Success
T000583,C01007,A19199,2026-04-05,Debit,4522,Uber,UPI,Success
T000584,C04430,A12716,2026-07-08,Credit,69192,UPI Received,UPI,Success
T000585,C07522,A13777,2026-01-11,Credit,43014,Cashback,UPI,Success
T000586,C04688,A11281,2026-05-19,Credit,25408,UPI Received,UPI,Success
T000587,C00933,A14606,2026-06-14,Credit,36212,Salary,Debit Card,Success
T000588,C08014,A15224,2026-01-24,Debit,3487,Flipkart,UPI,Success
T000589,C01570,A18520,2026-01-25,Credit,43152,Dividend,UPI,Success
T000590,C06968,A10499,2026-06-13,Credit,41620,UPI Received,UPI,Success
T000591,C01788,A13753,2026-07-22,Debit,1938,Amazon,Debit Card,Success
T000592,C04316,A18553,2026-02-14,Debit,3107,D-Mart,UPI,Success
T000593,C08397,A15625,2026-04-15,Credit,18442,Bank Refund,Credit Card,Success
T000594,C02441,A11216,2026-05-20,Debit,3561,Swiggy,UPI,Success
T000595,C09189,A10440,2026-06-07,Credit,54113,Salary,UPI,Success
T000596,C05784,A19713,2026-04-19,Debit,4427,Electricity Board,UPI,Success
T000597,C07079,A18475,2026-07-23,Credit,42590,Cashback,UPI,Success
T000598,C09724,A13389,2026-07-16,Debit,4870,Uber,Credit Card,Pending
T000599,C00588,A12860,2026-06-25,Debit,3429,Electricity Board,UPI,Success
T000600,C08190,A12485,2026-04-28,Debit,4898,Electricity Board,UPI,Success
T000601,C09390,A18917,2026-05-25,Debit,4010,D-Mart,Debit Card,Success
T000602,C03941,A16587,2026-01-08,Debit,3218,Flipkart,UPI,Success
T000603,C00086,A19427,2026-05-26,Debit,335,Netflix,UPI,Success
T000604,C02969,A15618,2026-01-02,Debit,785,Airtel,UPI,Success
T000605,C02763,A11843,2026-03-09,Debit,2882,D-Mart,UPI,Success
T000606,C07099,A19429,2026-07-02,Debit,2268,Amazon,Credit Card,Success
T000607,C05593,A19837,2026-07-05,Debit,4285,Zomato,UPI,Success
T000608,C03848,A15108,2026-03-30,Debit,4625,Netflix,UPI,Success
T000609,C04281,A17031,2026-02-15,Credit,4338,Interest Credit,UPI,Success
T000610,C09707,A10819,2026-03-11,Credit,35059,Bank Refund,UPI,Success
T000611,C03137,A17176,2026-06-17,Debit,2239,Amazon,UPI,Success
T000612,C02932,A13951,2026-02-18,Credit,64883,Dividend,UPI,Success
T000613,C05857,A17341,2026-02-19,Debit,732,Electricity Board,Bank Transfer,Success
T000614,C01303,A14912,2026-06-11,Debit,225,Zomato,Credit Card,Success
T000615,C02789,A16934,2026-01-29,Credit,72638,Bank Refund,Net Banking,Success
T000616,C07365,A10791,2026-06-08,Debit,1273,Zomato,Debit Card,Success
T000617,C01850,A18928,2026-05-02,Debit,1715,Swiggy,UPI,Success
T000618,C03239,A19910,2026-07-15,Credit,80262,Dividend,UPI,Pending
T000619,C03091,A12448,2026-06-21,Credit,51220,Dividend,Debit Card,Success
T000620,C03633,A11190,2026-03-14,Debit,382,Zomato,Debit Card,Failed
T000621,C02076,A14421,2026-07-26,Debit,1645,Airtel,Credit Card,Success
T000622,C07773,A12442,2026-03-18,Credit,43707,Interest Credit,Bank Transfer,Success
T000623,C00283,A10080,2026-05-15,Debit,634,D-Mart,UPI,Pending
T000624,C05617,A14867,2026-06-30,Debit,3506,Swiggy,UPI,Success
T000625,C06239,A18517,2026-01-03,Debit,1209,Netflix,UPI,Success
T000626,C04839,A16003,2026-03-06,Debit,1858,Swiggy,UPI,Success
T000627,C00394,A13808,2026-05-21,Debit,144,Airtel,UPI,Success
T000628,C02924,A19945,2026-06-08,Debit,905,Airtel,Debit Card,Success
T000629,C01523,A14595,2026-03-13,Debit,3832,Amazon,Debit Card,Success
T000630,C07563,A17859,2026-03-24,Debit,335,Swiggy,Credit Card,Success
T000631,C02454,A10043,2026-02-12,Debit,1444,Amazon,UPI,Failed
T000632,C07354,A15376,2026-05-17,Debit,26,Uber,Debit Card,Success
T000633,C03381,A15235,2026-03-16,Debit,3282,Electricity Board,Credit Card,Success
T000634,C06883,A17591,2026-05-27,Debit,1906,Electricity Board,UPI,Success
T000635,C04181,A13134,2026-01-01,Debit,565,Zomato,Net Banking,Success
T000636,C04212,A10921,2026-03-16,Debit,1728,Amazon,UPI,Pending
T000637,C06718,A12999,2026-07-10,Credit,97012,Interest Credit,UPI,Success
T000638,C00709,A10917,2026-07-14,Debit,904,Netflix,Bank Transfer,Success
T000639,C03152,A16964,2026-01-08,Debit,3086,Zomato,Net Banking,Success
T000640,C02173,A11135,2026-07-03,Debit,4348,Flipkart,UPI,Success
T000641,C05329,A10327,2026-03-19,Debit,1911,Zomato,UPI,Success
T000642,C03443,A13301,2026-03-15,Debit,3784,Airtel,UPI,Success
T000643,C02647,A15349,2026-04-17,Debit,2896,Netflix,UPI,Failed
T000644,C07701,A15940,2026-05-11,Debit,4454,Netflix,Net Banking,Success
T000645,C08726,A10366,2026-04-18,Debit,2921,Amazon,Credit Card,Success
T000646,C00255,A17213,2026-05-20,Debit,1149,D-Mart,Credit Card,Success
T000647,C09593,A16738,2026-05-18,Debit,2446,D-Mart,Credit Card,Success
T000648,C07750,A13959,2026-02-07,Debit,2976,Netflix,UPI,Success
T000649,C01226,A16302,2026-05-23,Debit,1012,Netflix,UPI,Success
T000650,C09110,A17293,2026-04-08,Credit,57373,Salary,Debit Card,Success
T000651,C01705,A13792,2026-06-09,Debit,357,Flipkart,UPI,Success
T000652,C02768,A12972,2026-03-25,Credit,71390,Bank Refund,UPI,Success
T000653,C05951,A14880,2026-06-21,Debit,2036,Zomato,UPI,Success
T000654,C07078,A12401,2026-06-16,Debit,4858,D-Mart,Bank Transfer,Success
T000655,C05316,A12256,2026-03-15,Debit,293,Amazon,UPI,Success
T000656,C07173,A15281,2026-01-16,Debit,196,Zomato,Debit Card,Success
T000657,C07005,A19706,2026-01-26,Credit,70961,Dividend,UPI,Success
T000658,C05628,A11088,2026-05-05,Debit,216,D-Mart,UPI,Success
T000659,C00114,A12813,2026-02-23,Credit,31472,Dividend,UPI,Pending
T000660,C08187,A17735,2026-01-02,Debit,125,Uber,UPI,Success
T000661,C05450,A17886,2026-06-22,Debit,109,Uber,UPI,Failed
T000662,C01552,A14993,2026-03-28,Debit,1428,Uber,UPI,Success
T000663,C06376,A19388,2026-01-14,Debit,2140,MakeMyTrip,Credit Card,Success
T000664,C03594,A16447,2026-05-27,Debit,424,Amazon,UPI,Success
T000665,C06452,A14145,2026-06-23,Credit,70136,Salary,UPI,Pending
T000666,C03388,A12714,2026-04-08,Debit,1220,Electricity Board,UPI,Success
T000667,C07382,A10406,2026-04-01,Debit,1798,Netflix,UPI,Success
T000668,C02427,A11665,2026-03-26,Credit,52414,UPI Received,Debit Card,Success
T000669,C00282,A17623,2026-07-21,Debit,2060,D-Mart,Bank Transfer,Success
T000670,C04086,A11447,2026-06-14,Debit,2206,Airtel,UPI,Success
T000671,C03725,A19769,2026-02-03,Debit,2843,Electricity Board,Net Banking,Success
T000672,C03463,A14968,2026-04-06,Debit,3155,Electricity Board,Net Banking,Success
T000673,C00321,A19441,2026-03-17,Debit,1375,Netflix,UPI,Success
T000674,C03482,A11111,2026-02-09,Debit,4814,Flipkart,UPI,Success
T000675,C09131,A16208,2026-05-08,Debit,2245,Flipkart,UPI,Success
T000676,C07067,A10248,2026-01-07,Debit,3966,Airtel,Debit Card,Success
T000677,C09813,A14620,2026-03-31,Credit,52613,Bank Refund,UPI,Pending
T000678,C01342,A12748,2026-01-20,Credit,47437,Bank Refund,Bank Transfer,Success
T000679,C02690,A13098,2026-04-27,Debit,1071,D-Mart,Bank Transfer,Success
T000680,C05079,A12345,2026-01-13,Debit,793,Amazon,Credit Card,Success
T000681,C00824,A11194,2026-01-14,Debit,2013,Zomato,Bank Transfer,Success
T000682,C03580,A10781,2026-05-21,Debit,2743,Amazon,Credit Card,Success
T000683,C02991,A15635,2026-06-18,Debit,274,MakeMyTrip,UPI,Success
T000684,C07268,A18560,2026-01-17,Debit,3890,Flipkart,Credit Card,Success
T000685,C04805,A11835,2026-03-13,Debit,829,Swiggy,UPI,Success
T000686,C01506,A11748,2026-02-04,Debit,4504,Flipkart,Credit Card,Success
T000687,C00738,A12090,2026-04-26,Credit,83887,Dividend,UPI,Success
T000688,C05217,A18955,2026-01-25,Credit,64415,Cashback,Debit Card,Success
T000689,C05612,A12071,2026-07-14,Debit,3601,MakeMyTrip,Credit Card,Success
T000690,C09284,A19146,2026-06-16,Debit,3051,Airtel,UPI,Success
T000691,C02758,A14924,2026-05-18,Credit,61523,Salary,Credit Card,Success
T000692,C06823,A14434,2026-06-18,Debit,508,MakeMyTrip,UPI,Success
T000693,C06721,A12925,2026-05-06,Debit,4165,Netflix,UPI,Success
T000694,C04366,A18334,2026-03-25,Debit,312,Netflix,Debit Card,Success
T000695,C07234,A11408,2026-02-12,Debit,1586,Swiggy,UPI,Success
T000696,C06422,A19192,2026-04-08,Debit,2570,MakeMyTrip,Credit Card,Success
T000697,C02360,A14564,2026-07-21,Debit,4696,Uber,Debit Card,Success
T000698,C04008,A19771,2026-04-21,Debit,2332,MakeMyTrip,UPI,Success
T000699,C06850,A18365,2026-05-22,Debit,4885,D-Mart,UPI,Success
T000700,C09294,A17983,2026-06-22,Debit,627,Uber,UPI,Failed
T000701,C03692,A16805,2026-05-31,Debit,4632,Flipkart,UPI,Success
T000702,C03812,A17633,2026-04-22,Debit,874,Uber,UPI,Success
T000703,C02988,A14024,2026-07-04,Debit,2658,D-Mart,UPI,Success
T000704,C09963,A12260,2026-05-02,Debit,4467,Netflix,UPI,Success
T000705,C07832,A10369,2026-03-31,Debit,4421,Uber,UPI,Success
T000706,C09442,A19102,2026-04-04,Debit,2252,Netflix,Bank Transfer,Success
T000707,C09786,A10946,2026-04-26,Debit,892,Airtel,UPI,Success
T000708,C08381,A18102,2026-03-11,Debit,924,Zomato,UPI,Success
T000709,C07042,A12079,2026-02-10,Debit,922,Netflix,Credit Card,Success
T000710,C08973,A18066,2026-01-05,Debit,2544,Airtel,Debit Card,Failed
T000711,C09472,A16236,2026-04-23,Debit,277,Netflix,Debit Card,Success
T000712,C04517,A19466,2026-04-24,Credit,93383,Cashback,Credit Card,Success
T000713,C08280,A18691,2026-07-19,Debit,1366,MakeMyTrip,UPI,Success
T000714,C00893,A18507,2026-05-06,Debit,3050,D-Mart,Credit Card,Success
T000715,C00105,A14569,2026-04-08,Debit,4021,Flipkart,UPI,Failed
T000716,C01742,A19292,2026-06-20,Debit,2780,Swiggy,Debit Card,Success
T000717,C05905,A14365,2026-03-31,Debit,3381,D-Mart,Debit Card,Success
T000718,C06936,A12759,2026-07-03,Debit,142,Flipkart,UPI,Success
T000719,C05515,A16118,2026-07-09,Debit,4187,Uber,UPI,Success
T000720,C07034,A18815,2026-06-11,Debit,3672,Zomato,UPI,Success
T000721,C07315,A11119,2026-06-18,Debit,4371,Flipkart,UPI,Success
T000722,C09838,A13241,2026-03-28,Credit,86193,UPI Received,Debit Card,Success
T000723,C05701,A18481,2026-05-01,Credit,28184,Cashback,Credit Card,Success
T000724,C07243,A19349,2026-07-15,Debit,2349,Electricity Board,Credit Card,Success
T000725,C06799,A11077,2026-01-12,Debit,3353,Netflix,Debit Card,Success
T000726,C08893,A12035,2026-05-26,Debit,1374,MakeMyTrip,Credit Card,Success
T000727,C09617,A18195,2026-04-17,Debit,680,Netflix,UPI,Success
T000728,C08216,A11828,2026-03-11,Credit,62651,Interest Credit,UPI,Success
T000729,C03667,A10622,2026-01-03,Debit,3586,Airtel,Debit Card,Success
T000730,C07639,A19451,2026-06-13,Debit,4584,Electricity Board,Debit Card,Success
T000731,C02587,A15461,2026-06-19,Debit,3889,Flipkart,Debit Card,Success
T000732,C06602,A18304,2026-07-05,Credit,79780,Interest Credit,UPI,Success
T000733,C08117,A11225,2026-05-17,Debit,4663,Flipkart,UPI,Success
T000734,C05282,A11966,2026-03-12,Debit,2599,Airtel,UPI,Success
T000735,C04827,A18707,2026-04-08,Debit,4261,Amazon,UPI,Success
T000736,C01948,A17630,2026-02-07,Debit,3585,Uber,Bank Transfer,Success
T000737,C08044,A12449,2026-05-28,Credit,10535,Bank Refund,Debit Card,Success
T000738,C07026,A16842,2026-01-30,Debit,4665,MakeMyTrip,Credit Card,Failed
T000739,C07661,A13158,2026-02-21,Debit,4886,Flipkart,UPI,Failed
T000740,C01962,A14630,2026-04-29,Credit,78896,Salary,Credit Card,Success
T000741,C04625,A17936,2026-02-19,Debit,3632,Airtel,Credit Card,Success
T000742,C08403,A12297,2026-03-13,Debit,890,D-Mart,Net Banking,Success
T000743,C09821,A11996,2026-02-21,Debit,3476,Netflix,Credit Card,Success
T000744,C03798,A12585,2026-02-03,Debit,544,Airtel,UPI,Success
T000745,C08333,A14333,2026-04-18,Debit,2345,MakeMyTrip,UPI,Failed
T000746,C09259,A14934,2026-07-19,Credit,24443,UPI Received,Net Banking,Success
T000747,C09658,A14912,2026-01-21,Debit,4507,Zomato,UPI,Success
T000748,C07901,A18248,2026-06-20,Debit,105,D-Mart,UPI,Success
T000749,C03601,A15084,2026-06-08,Debit,3694,D-Mart,Credit Card,Success
T000750,C05534,A17297,2026-07-16,Debit,1664,Zomato,UPI,Success
T000751,C06890,A15904,2026-03-08,Debit,1506,Flipkart,UPI,Success
T000752,C08162,A19766,2026-01-20,Debit,1574,Flipkart,UPI,Success
T000753,C05767,A19942,2026-07-23,Debit,4086,Uber,Credit Card,Success
T000754,C07135,A14034,2026-05-25,Debit,3983,Zomato,UPI,Success
T000755,C03946,A12250,2026-06-15,Debit,2468,Amazon,Credit Card,Success
T000756,C07406,A16521,2026-03-18,Debit,1817,Airtel,UPI,Success
T000757,C04155,A15090,2026-05-24,Debit,452,Electricity Board,UPI,Success
T000758,C01772,A16574,2026-04-25,Debit,3054,Airtel,UPI,Success
T000759,C00342,A10651,2026-05-04,Debit,3391,MakeMyTrip,Bank Transfer,Failed
T000760,C07479,A17252,2026-06-06,Debit,4872,Zomato,Net Banking,Success
T000761,C01831,A10865,2026-06-24,Debit,2561,Amazon,UPI,Success
T000762,C06769,A12070,2026-02-19,Debit,3328,Swiggy,Debit Card,Success
T000763,C09080,A16880,2026-01-07,Credit,86934,Cashback,Credit Card,Success
T000764,C01978,A10940,2026-05-02,Debit,4136,Uber,UPI,Success
T000765,C06512,A19010,2026-02-02,Debit,1046,MakeMyTrip,Credit Card,Success
T000766,C01761,A16058,2026-06-16,Debit,1248,Uber,UPI,Success
T000767,C09613,A15443,2026-05-06,Debit,1316,Swiggy,Debit Card,Success
T000768,C06068,A14143,2026-02-27,Debit,3085,MakeMyTrip,Net Banking,Success
T000769,C04535,A11046,2026-01-12,Debit,3127,Netflix,UPI,Success
T000770,C05878,A12018,2026-04-03,Debit,4329,MakeMyTrip,Bank Transfer,Success
T000771,C08261,A11135,2026-03-25,Debit,612,Swiggy,UPI,Success
T000772,C02963,A16408,2026-06-22,Credit,80318,Dividend,Credit Card,Success
T000773,C01647,A10853,2026-01-02,Debit,2215,Airtel,Bank Transfer,Success
T000774,C02504,A17861,2026-05-19,Debit,1943,Swiggy,UPI,Success
T000775,C05853,A18390,2026-01-01,Debit,2058,Amazon,UPI,Pending
T000776,C00273,A14001,2026-04-03,Credit,75691,Dividend,UPI,Success
T000777,C02422,A15540,2026-03-06,Debit,490,D-Mart,Debit Card,Failed
T000778,C04780,A17040,2026-03-10,Credit,35923,Interest Credit,Debit Card,Success
T000779,C08886,A10185,2026-04-21,Debit,3269,Uber,Bank Transfer,Success
T000780,C01304,A19372,2026-03-08,Credit,8432,Salary,UPI,Success
T000781,C05943,A14043,2026-03-24,Debit,2442,Swiggy,Debit Card,Success
T000782,C06508,A16006,2026-03-19,Debit,3548,Swiggy,Credit Card,Success
T000783,C01089,A15572,2026-05-11,Debit,2475,Airtel,UPI,Success
T000784,C02173,A18468,2026-07-13,Debit,4788,MakeMyTrip,Bank Transfer,Success
T000785,C01064,A14582,2026-03-14,Debit,17,Flipkart,Debit Card,Success
T000786,C08528,A11722,2026-03-18,Credit,52748,Dividend,Debit Card,Success
T000787,C07114,A12077,2026-07-02,Credit,28369,Dividend,Bank Transfer,Success
T000788,C01895,A14796,2026-04-03,Debit,1797,Uber,Debit Card,Success
T000789,C02400,A10031,2026-07-07,Debit,4469,Electricity Board,UPI,Success
T000790,C08234,A18072,2026-03-20,Debit,4961,Amazon,UPI,Success
T000791,C06304,A10906,2026-01-07,Debit,940,Swiggy,UPI,Success
T000792,C02319,A14671,2026-06-07,Debit,3636,Uber,Credit Card,Success
T000793,C07699,A12592,2026-06-16,Debit,759,Flipkart,Bank Transfer,Failed
T000794,C09631,A10296,2026-01-14,Credit,16795,Salary,Bank Transfer,Success
T000795,C05323,A11972,2026-06-19,Debit,730,D-Mart,Bank Transfer,Success
T000796,C08149,A13011,2026-01-05,Debit,4097,Amazon,UPI,Failed
T000797,C04175,A11415,2026-02-21,Debit,1844,MakeMyTrip,Credit Card,Success
T000798,C07364,A11270,2026-07-08,Debit,2096,Netflix,UPI,Success
T000799,C06922,A12088,2026-04-13,Credit,38583,Salary,Bank Transfer,Success
T000800,C05997,A16221,2026-07-12,Debit,4417,Swiggy,UPI,Success
T000801,C04367,A10849,2026-02-10,Debit,3754,Airtel,UPI,Success
T000802,C02261,A18022,2026-06-29,Debit,2127,Airtel,UPI,Success
T000803,C01387,A17398,2026-07-20,Debit,2528,Airtel,UPI,Success
T000804,C04756,A12222,2026-01-08,Debit,3270,MakeMyTrip,UPI,Success
T000805,C03124,A12593,2026-01-13,Debit,4577,Flipkart,UPI,Success
T000806,C03843,A13034,2026-04-25,Debit,3800,Swiggy,UPI,Success
T000807,C05336,A18661,2026-05-02,Debit,623,Uber,UPI,Success
T000808,C03722,A15158,2026-03-18,Debit,2650,MakeMyTrip,UPI,Success
T000809,C06201,A14985,2026-04-18,Credit,24767,Cashback,UPI,Success
T000810,C09127,A13338,2026-03-24,Debit,2511,Amazon,UPI,Success
T000811,C02709,A11128,2026-05-26,Debit,4061,Flipkart,UPI,Success
T000812,C00998,A15021,2026-05-12,Debit,1906,Netflix,UPI,Success
T000813,C04135,A11715,2026-02-16,Debit,1055,Netflix,Credit Card,Success
T000814,C04023,A17175,2026-02-20,Credit,41725,UPI Received,Credit Card,Success
T000815,C02923,A10771,2026-03-07,Debit,4153,Uber,Debit Card,Success
T000816,C09899,A14023,2026-02-21,Debit,3473,Electricity Board,UPI,Success
T000817,C01372,A19475,2026-04-15,Debit,3683,Netflix,Net Banking,Success
T000818,C07036,A12768,2026-04-14,Debit,4941,Netflix,UPI,Success
T000819,C03394,A17113,2026-04-17,Debit,2567,Flipkart,UPI,Success
T000820,C02161,A11914,2026-04-23,Debit,400,Electricity Board,Credit Card,Success
T000821,C08762,A14817,2026-04-04,Debit,11,MakeMyTrip,UPI,Failed
T000822,C01782,A11172,2026-02-01,Debit,1377,Uber,Net Banking,Success
T000823,C03526,A12737,2026-01-14,Credit,82950,Cashback,Debit Card,Pending
T000824,C03645,A11881,2026-06-01,Debit,658,Flipkart,Debit Card,Success
T000825,C01041,A10047,2026-04-20,Debit,1011,Airtel,UPI,Success
T000826,C00304,A13210,2026-03-31,Debit,1542,D-Mart,UPI,Success
T000827,C05171,A12003,2026-07-09,Credit,71035,Interest Credit,UPI,Success
T000828,C06560,A14452,2026-01-20,Debit,4124,Uber,Debit Card,Success
T000829,C06077,A17458,2026-01-17,Credit,81157,Salary,Bank Transfer,Success
T000830,C08481,A13173,2026-01-23,Credit,12568,Dividend,Credit Card,Success
T000831,C06830,A12930,2026-05-07,Credit,49438,Bank Refund,UPI,Success
T000832,C06886,A17774,2026-01-16,Debit,1816,Electricity Board,UPI,Success
T000833,C04388,A10557,2026-07-14,Credit,98621,Salary,UPI,Success
T000834,C00535,A17177,2026-03-10,Credit,70390,UPI Received,UPI,Success
T000835,C05151,A19335,2026-01-02,Debit,1548,Flipkart,Credit Card,Success
T000836,C08364,A13831,2026-01-15,Debit,2183,MakeMyTrip,Debit Card,Failed
T000837,C02079,A10169,2026-06-23,Debit,1312,Electricity Board,Credit Card,Success
T000838,C09072,A18408,2026-02-24,Debit,905,Electricity Board,Debit Card,Success
T000839,C03572,A13837,2026-07-08,Debit,3518,Swiggy,UPI,Success
T000840,C09067,A11279,2026-07-10,Debit,3648,MakeMyTrip,UPI,Success
T000841,C00550,A11397,2026-06-30,Debit,1548,Netflix,Credit Card,Success
T000842,C02361,A11666,2026-02-28,Debit,1872,Airtel,Debit Card,Success
T000843,C05013,A10662,2026-01-13,Debit,4209,Uber,UPI,Success
T000844,C04989,A12315,2026-01-14,Debit,1291,MakeMyTrip,UPI,Success
T000845,C08314,A17440,2026-06-21,Debit,1330,Swiggy,UPI,Success
T000846,C04483,A17137,2026-01-11,Debit,4746,Netflix,Credit Card,Failed
T000847,C02620,A16117,2026-05-27,Debit,4084,Amazon,Debit Card,Success
T000848,C08736,A16448,2026-01-29,Debit,620,Airtel,UPI,Success
T000849,C05502,A13787,2026-03-24,Credit,74741,Salary,Debit Card,Success
T000850,C01604,A11712,2026-07-09,Debit,4676,D-Mart,Debit Card,Success
T000851,C06356,A15681,2026-07-11,Debit,3405,Flipkart,UPI,Success
T000852,C08677,A17191,2026-04-23,Debit,2687,Uber,Debit Card,Success
T000853,C07974,A11779,2026-07-17,Debit,1015,Zomato,UPI,Success
T000854,C04516,A18406,2026-02-23,Credit,6617,Dividend,UPI,Success
T000855,C06599,A11517,2026-03-17,Credit,73700,Dividend,Debit Card,Success
T000856,C01099,A11845,2026-01-24,Debit,2757,Amazon,UPI,Success
T000857,C06222,A15321,2026-06-14,Debit,2743,Amazon,Credit Card,Success
T000858,C04497,A16323,2026-03-11,Credit,42657,Salary,UPI,Success
T000859,C09855,A16645,2026-07-14,Debit,3713,Netflix,UPI,Success
T000860,C07229,A13556,2026-05-10,Debit,4637,Zomato,UPI,Success
T000861,C06955,A13142,2026-06-30,Debit,1814,Electricity Board,UPI,Success
T000862,C00153,A18920,2026-04-17,Credit,81850,Bank Refund,UPI,Success
T000863,C04301,A11804,2026-03-20,Debit,2178,Flipkart,Debit Card,Success
T000864,C08276,A14741,2026-02-11,Debit,4498,Flipkart,UPI,Success
T000865,C07425,A13962,2026-04-08,Debit,3192,Electricity Board,UPI,Success
T000866,C03335,A11689,2026-04-13,Debit,1324,Netflix,UPI,Success
T000867,C01541,A17697,2026-05-09,Debit,4691,Swiggy,UPI,Success
T000868,C01833,A11200,2026-02-25,Debit,78,Airtel,UPI,Success
T000869,C03776,A13753,2026-03-24,Debit,2704,Flipkart,UPI,Success
T000870,C09309,A10324,2026-02-18,Debit,1192,Uber,Debit Card,Success
T000871,C03805,A11378,2026-06-03,Debit,3122,Airtel,Credit Card,Success
T000872,C07033,A11375,2026-06-11,Debit,4098,Swiggy,Bank Transfer,Success
T000873,C02582,A15379,2026-05-08,Debit,1159,D-Mart,UPI,Success
T000874,C06986,A13517,2026-02-05,Debit,4827,Uber,UPI,Success
T000875,C08159,A11245,2026-03-14,Debit,3592,Airtel,UPI,Success
T000876,C01970,A19589,2026-02-17,Debit,4678,Electricity Board,Debit Card,Success
T000877,C00904,A15186,2026-01-25,Debit,1443,Airtel,Bank Transfer,Success
T000878,C06849,A18777,2026-04-12,Debit,4939,D-Mart,Bank Transfer,Success
T000879,C07954,A17156,2026-05-24,Debit,2500,Uber,Debit Card,Success
T000880,C07708,A18355,2026-02-03,Credit,57085,Salary,UPI,Success
T000881,C07071,A13947,2026-02-19,Debit,4316,Flipkart,Net Banking,Success
T000882,C09721,A19192,2026-06-13,Debit,1740,Swiggy,Debit Card,Success
T000883,C03441,A17537,2026-06-26,Debit,569,Uber,Credit Card,Success
T000884,C07631,A10705,2026-04-16,Debit,2138,Amazon,UPI,Success
T000885,C09819,A18237,2026-07-14,Debit,1123,Netflix,UPI,Success
T000886,C05516,A10646,2026-07-08,Debit,1206,MakeMyTrip,Debit Card,Success
T000887,C09999,A10858,2026-06-18,Credit,68110,Interest Credit,UPI,Success
T000888,C05308,A18522,2026-06-02,Debit,2918,Uber,UPI,Success
T000889,C09132,A18759,2026-07-11,Debit,4398,Uber,UPI,Success
T000890,C06721,A16064,2026-01-20,Debit,3380,Amazon,Credit Card,Success
T000891,C08534,A15585,2026-04-20,Debit,3281,Uber,Credit Card,Success
T000892,C06697,A16790,2026-04-09,Debit,1084,MakeMyTrip,Credit Card,Success
T000893,C05561,A18949,2026-04-16,Debit,3042,Airtel,Debit Card,Success
T000894,C06164,A16517,2026-02-11,Debit,4838,Flipkart,Credit Card,Success
T000895,C06775,A15260,2026-03-12,Credit,54219,Salary,Bank Transfer,Success
T000896,C00309,A18139,2026-07-21,Debit,3784,Flipkart,UPI,Success
T000897,C02413,A19907,2026-04-22,Debit,4913,Swiggy,UPI,Success
T000898,C09046,A17906,2026-02-07,Credit,15186,UPI Received,Debit Card,Success
T000899,C07800,A12993,2026-06-01,Credit,18924,Interest Credit,Debit Card,Success
T000900,C04691,A14268,2026-05-30,Credit,94832,Interest Credit,UPI,Pending
T000901,C06706,A14935,2026-01-28,Debit,2519,D-Mart,Debit Card,Success
T000902,C00576,A15776,2026-07-08,Debit,2167,Airtel,Debit Card,Success
T000903,C03626,A14736,2026-01-07,Debit,348,D-Mart,Credit Card,Success
T000904,C00591,A16895,2026-01-17,Debit,1813,Amazon,Debit Card,Success
T000905,C02195,A16789,2026-04-08,Debit,3005,Zomato,UPI,Success
T000906,C09483,A12872,2026-02-04,Credit,2352,Salary,Debit Card,Success
T000907,C02099,A12896,2026-04-22,Debit,4878,Airtel,Bank Transfer,Success
T000908,C02034,A11282,2026-05-16,Debit,3577,Swiggy,UPI,Success
T000909,C08133,A10265,2026-04-10,Debit,2490,Netflix,Debit Card,Success
T000910,C09568,A13828,2026-06-22,Debit,2061,Uber,UPI,Success
T000911,C04649,A11892,2026-01-27,Debit,2517,Netflix,UPI,Success
T000912,C00974,A17330,2026-05-22,Debit,2502,Zomato,UPI,Success
T000913,C03441,A15206,2026-05-21,Debit,3778,Uber,UPI,Success
T000914,C09801,A10793,2026-01-28,Debit,779,D-Mart,UPI,Success
T000915,C08446,A11318,2026-06-20,Debit,2948,Electricity Board,UPI,Success
T000916,C04664,A15221,2026-06-28,Debit,1014,Uber,UPI,Pending
T000917,C01108,A15202,2026-03-02,Debit,4615,D-Mart,Debit Card,Success
T000918,C08950,A15868,2026-07-02,Debit,2488,Netflix,Debit Card,Success
T000919,C09544,A19656,2026-04-29,Debit,212,Uber,UPI,Success
T000920,C06202,A16397,2026-04-24,Debit,4415,MakeMyTrip,UPI,Success
T000921,C04628,A14190,2026-03-22,Debit,832,Zomato,Net Banking,Success
T000922,C04318,A14986,2026-02-23,Debit,2392,Flipkart,Credit Card,Pending
T000923,C04009,A18320,2026-07-24,Credit,15498,Dividend,UPI,Success
T000924,C04127,A16491,2026-01-21,Debit,4892,Airtel,Bank Transfer,Success
T000925,C08801,A19602,2026-03-11,Debit,2879,Airtel,Credit Card,Success
T000926,C03075,A15444,2026-01-25,Debit,3167,Flipkart,UPI,Success
T000927,C05605,A13427,2026-04-04,Credit,88990,Bank Refund,Debit Card,Success
T000928,C04266,A12028,2026-05-03,Credit,89375,Cashback,UPI,Success
T000929,C04186,A10885,2026-05-15,Debit,2280,Uber,Credit Card,Success
T000930,C06612,A10695,2026-05-24,Credit,9172,Bank Refund,Credit Card,Success
T000931,C09817,A15343,2026-04-23,Debit,4036,D-Mart,Credit Card,Success
T000932,C00781,A10808,2026-02-02,Credit,59444,Interest Credit,UPI,Success
T000933,C03719,A18474,2026-05-26,Debit,4328,Flipkart,UPI,Success
T000934,C07384,A19769,2026-07-16,Debit,3901,Zomato,UPI,Success
T000935,C08811,A16758,2026-06-13,Credit,10278,UPI Received,Credit Card,Success
T000936,C06519,A13458,2026-02-25,Credit,79460,Salary,Bank Transfer,Success
T000937,C03896,A11388,2026-04-05,Debit,3013,D-Mart,UPI,Success
T000938,C07740,A17077,2026-05-07,Debit,442,Zomato,UPI,Success
T000939,C09858,A13593,2026-03-22,Credit,93927,Cashback,Bank Transfer,Success
T000940,C07156,A19778,2026-01-15,Debit,1637,Uber,Credit Card,Success
T000941,C04607,A19971,2026-05-06,Debit,714,Swiggy,Debit Card,Success
T000942,C06487,A15010,2026-02-04,Debit,910,MakeMyTrip,UPI,Success
T000943,C02536,A13536,2026-06-24,Debit,1971,Electricity Board,Credit Card,Success
T000944,C07474,A13561,2026-06-20,Debit,312,Amazon,UPI,Success
T000945,C07447,A16798,2026-05-29,Debit,4376,Zomato,Credit Card,Failed
T000946,C02055,A12192,2026-06-16,Debit,3243,Swiggy,UPI,Success
T000947,C05160,A17819,2026-05-27,Debit,3071,Uber,Debit Card,Success
T000948,C09978,A19287,2026-05-27,Credit,2519,Salary,UPI,Success
T000949,C04336,A15084,2026-01-11,Credit,76765,Interest Credit,UPI,Failed
T000950,C08808,A15884,2026-05-12,Debit,4595,Flipkart,Debit Card,Success
T000951,C00830,A10619,2026-01-01,Debit,4358,D-Mart,Credit Card,Success
T000952,C03006,A11320,2026-02-01,Debit,2319,D-Mart,UPI,Success
T000953,C07647,A11765,2026-02-21,Credit,33689,Interest Credit,UPI,Success
T000954,C04240,A14482,2026-04-02,Debit,3686,Amazon,Debit Card,Success
T000955,C08478,A14668,2026-03-24,Debit,564,D-Mart,UPI,Success
T000956,C05045,A12162,2026-01-02,Debit,2320,D-Mart,UPI,Success
T000957,C01671,A13754,2026-04-03,Debit,2466,Flipkart,UPI,Failed
T000958,C07430,A14297,2026-03-22,Debit,4283,Flipkart,Net Banking,Success
T000959,C06143,A12114,2026-05-29,Debit,4292,D-Mart,Bank Transfer,Success
T000960,C00202,A19363,2026-05-08,Debit,3020,Flipkart,Debit Card,Success
T000961,C09738,A12349,2026-06-08,Debit,2368,Uber,UPI,Success
T000962,C04686,A16635,2026-04-04,Debit,304,Zomato,UPI,Success
T000963,C06934,A10233,2026-02-11,Debit,2890,Amazon,UPI,Success
T000964,C08240,A19441,2026-04-24,Debit,3651,Electricity Board,Debit Card,Success
T000965,C08464,A14729,2026-01-18,Debit,4568,Netflix,UPI,Success
T000966,C07229,A13206,2026-05-16,Credit,72148,Interest Credit,Credit Card,Success
T000967,C05770,A11894,2026-02-13,Debit,3345,Netflix,UPI,Success
T000968,C01561,A11104,2026-06-11,Debit,2688,D-Mart,UPI,Success
T000969,C08620,A19115,2026-05-08,Debit,3401,Electricity Board,UPI,Success
T000970,C06098,A13555,2026-06-02,Debit,3778,Flipkart,UPI,Success
T000971,C02407,A19809,2026-07-21,Debit,4985,D-Mart,UPI,Success
T000972,C02647,A11514,2026-02-06,Credit,30837,Dividend,UPI,Success
T000973,C05169,A19165,2026-07-10,Debit,602,Electricity Board,UPI,Success
T000974,C09043,A17049,2026-01-31,Debit,4749,Zomato,UPI,Success
T000975,C03647,A14525,2026-05-29,Debit,2734,Zomato,Bank Transfer,Failed
T000976,C05087,A11993,2026-03-29,Debit,4142,Flipkart,UPI,Success
T000977,C05652,A17702,2026-01-31,Debit,637,Electricity Board,Net Banking,Success
T000978,C00215,A14813,2026-03-16,Credit,6397,Dividend,Debit Card,Success
T000979,C01627,A16863,2026-03-17,Debit,1529,Netflix,UPI,Success
T000980,C03951,A16010,2026-06-30,Credit,68201,UPI Received,UPI,Success
T000981,C06489,A13984,2026-05-04,Debit,4844,D-Mart,Credit Card,Success
T000982,C05443,A14196,2026-07-18,Debit,3543,Zomato,UPI,Success
T000983,C00153,A17828,2026-02-19,Credit,52760,Cashback,UPI,Success
T000984,C06793,A12536,2026-05-18,Debit,3624,Netflix,UPI,Success
T000985,C07857,A17730,2026-05-20,Credit,91555,Cashback,UPI,Success
T000986,C09446,A10510,2026-03-27,Debit,1789,Zomato,UPI,Success
T000987,C03431,A13265,2026-01-13,Debit,3340,Electricity Board,Credit Card,Success
T000988,C02399,A15352,2026-04-06,Debit,4843,D-Mart,Bank Transfer,Success
T000989,C05112,A16807,2026-04-14,Credit,86171,Salary,UPI,Pending
T000990,C04151,A11166,2026-05-19,Debit,716,Electricity Board,UPI,Success
T000991,C06248,A17894,2026-04-15,Debit,2394,Netflix,Debit Card,Success
T000992,C03401,A11498,2026-01-21,Debit,3615,D-Mart,UPI,Success
T000993,C02835,A10159,2026-06-03,Debit,2910,Flipkart,UPI,Success
T000994,C03193,A11221,2026-01-08,Debit,4373,Netflix,UPI,Success
T000995,C04068,A10776,2026-05-14,Debit,4440,Zomato,UPI,Success
T000996,C00751,A12821,2026-07-17,Debit,4046,Airtel,Net Banking,Success
T000997,C03721,A10043,2026-01-21,Credit,21489,Cashback,UPI,Success
T000998,C01621,A17593,2026-02-04,Debit,1259,Electricity Board,UPI,Success
T000999,C02657,A14903,2026-06-28,Debit,4012,D-Mart,Credit Card,Success
T001000,C02916,A12014,2026-04-02,Debit,1504,Uber,Debit Card,Success
